CGPA,10th_Percentage,12th_Percentage,Internships,Coding_Score,Aptitude_Score,Communication_Encoded,Projects,Backlogs,Academic_Score,Experience_Score,Skill_Index
-0.036140365013723905,1.5124792406422614,2.1124935996562857,-0.1500638977268767,1.7802236129604339,2.276913077292813,1.204160972090951,-0.09556369651349925,-1.1832042023588412,1.3166866555695578,-0.14441967639441558,2.15662378698376
-1.243366631611697,-2.169480328460142,-0.25365142454534434,-0.1500638977268767,-0.2874115000325112,-1.0028590530567132,0.31598550331464675,-0.7167277238512447,-0.4103646117043573,-1.3778289191900832,-0.45024957934729554,-0.49909089159264086
0.4697926346808622,1.4493398895049074,0.007910357043130756,0.7926193792688044,1.1262431778604285,0.23366793963554736,-0.5721899654616575,-0.09556369651349925,-0.4103646117043573,0.7104517083668357,0.46724012951134436,0.7263884940335232
0.8104207928910785,0.349078233574339,0.6057658578167905,-0.1500638977268767,-0.37989358176382493,0.7957256635865749,0.31598550331464675,-0.7167277238512447,-1.1832042023588412,0.6868482985372217,-0.45024957934729554,0.47273565361713565
-0.3617408103617251,-0.6330894507845117,0.007910357043130756,0.7926193792688044,-0.04960043272341843,-0.10356669473506885,-0.5721899654616575,0.5256003308242463,-1.1832042023588412,-0.3707500997932113,0.7730700324642243,0.20991463824593762
0.6100512880615392,1.7217744971901598,0.9849205412118484,0.7926193792688044,0.3203278942018365,1.0205487531669863,1.204160972090951,0.5256003308242463,-0.4103646117043573,1.2330394838926777,0.7730700324642243,0.7172203190787145
-0.036140365013723905,0.41806382092811406,0.37937204686205933,-1.092747174722558,-0.3138349519557436,0.06835684435583333,0.31598550331464675,-0.09556369651349925,0.3624749789501266,0.2760661485200757,-0.7560794823001755,-0.19959717640220678
-1.383625284992375,-1.49365542184179,-1.3988084683066528,-1.092747174722558,-0.4789815264759469,-1.3533185750497065,0.31598550331464675,-1.3378917511889903,1.1353145696046105,-1.6279422444021365,-1.3677392882059354,-1.1164146718831272
-0.036140365013723905,1.1967824849554893,1.0783354632077335,0.7926193792688044,0.4524451538179991,0.7957256635865749,1.204160972090951,1.7679283854997374,-0.4103646117043573,0.8152177204175795,1.3847298383699842,0.6744355026229372
1.1610674263427725,0.27307716276085586,1.4289161704628748,0.7926193792688044,2.2822691995018514,1.132960297957192,1.204160972090951,0.5256003308242463,-1.1832042023588412,1.115022434744608,0.7730700324642243,1.8601861301115952
0.6801806147518782,0.33387801941164136,1.567390054833245,1.7353026562644855,0.6109858653573946,0.46510347302714694,1.204160972090951,-0.09556369651349925,-0.4103646117043573,0.9899657721385828,1.0788999354171043,0.5949779863479251
-0.7724982952622803,-0.47757956742769403,-0.6635780822449304,-0.1500638977268767,-0.04960043272341843,-0.004380037567240446,-0.5721899654616575,-0.7167277238512447,-1.1832042023588412,-0.7384663792440422,-0.45024957934729554,0.25575551301998367
0.5599589118541546,-0.21449893768871633,0.28266012761926057,-0.1500638977268767,0.5977741393957782,-0.004380037567240446,-0.5721899654616575,-0.09556369651349925,-0.4103646117043573,0.2619869216041642,-0.14441967639441558,0.371885729114234
-0.12129740456627798,-0.15720582276778236,0.007910357043130756,-0.1500638977268767,-0.5912811971496853,0.28656749012505656,1.204160972090951,1.7679283854997374,-1.1832042023588412,-0.10283069348162556,0.7730700324642243,0.13962529692573422
1.9425084951779743,0.9594252945687671,0.7387447467756366,0.7926193792688044,1.1064255889180044,1.4503576008942427,1.204160972090951,0.5256003308242463,-1.1832042023588412,1.4210385727110104,0.7730700324642243,1.4628985487365296
-0.0010757016685553145,0.24618447616531544,1.219007345742712,-0.1500638977268767,0.20802822352809808,0.4717159168383361,0.31598550331464675,1.1467643581619917,-1.1832042023588412,0.5460560293781187,0.46724012951134436,0.5949779863479251
-1.0029232258162508,-0.08354324644086913,0.007910357043130756,-0.1500638977268767,-1.8992420673496948,0.11464395103415345,-1.4603654342379617,-1.3378917511889903,0.3624749789501266,-0.4411462343727637,-0.7560794823001755,-0.9116587645590553
0.17925685267803046,0.64840552785513,0.653022818355884,-0.1500638977268767,1.3904776970927537,1.4503576008942427,0.31598550331464675,-0.09556369651349925,-1.1832042023588412,0.5497828835617421,-0.14441967639441558,1.5943090564221285
-0.036140365013723905,0.9781332504613163,0.22221517809251232,-0.1500638977268767,1.264966300457399,0.4717159168383361,1.204160972090951,-0.7167277238512447,-1.1832042023588412,0.41520203804201083,-0.45024957934729554,1.083947317271083
-0.11127892932480124,-0.42730193596646643,-0.16243450071406942,-0.1500638977268767,-0.04960043272341843,-0.295327565259537,-0.5721899654616575,0.5256003308242463,-0.4103646117043573,-0.2585303793752224,0.1614102265584644,-0.06207455208006821
0.6601436642689238,0.21110705886678544,-0.1514445098910233,-1.092747174722558,-0.04960043272341843,-0.539987986273514,0.31598550331464675,-0.09556369651349925,0.3624749789501266,0.29055947034527835,-0.7560794823001755,-0.3585122089522331
0.830457743374032,1.5346949382646653,0.8167736816192585,0.7926193792688044,1.258360437476591,1.0139363093557983,1.204160972090951,1.7679283854997374,-1.1832042023588412,1.1945286573285736,1.3847298383699842,1.3314880410509313
-0.8225906714696649,-1.5965491792508126,-1.3394625178622088,-1.092747174722558,-0.30062322599412766,0.06835684435583333,-0.5721899654616575,-0.09556369651349925,0.3624749789501266,-1.410128322114819,-0.7560794823001755,-0.1934850597656672
0.24938617936836854,0.6600980002879744,-0.21408745758238168,0.7926193792688044,0.7959500288200221,0.5444527987614098,0.31598550331464675,0.5256003308242463,0.3624749789501266,0.2561895928740852,0.7730700324642243,0.5338568199825303
-0.08122350360037013,-1.70879691460611,-0.8229329491790844,-1.092747174722558,-0.04960043272341843,0.24028038344673647,-0.5721899654616575,-0.7167277238512447,1.1353145696046105,-0.948826593164112,-1.0619093852530554,-0.1812608264925881
-2.0648816014128073,-1.534579075356742,-1.5218963655247595,-1.092747174722558,-1.430225795712318,-0.3283897843154798,-1.4603654342379617,-0.7167277238512447,1.9081541602590943,-1.9703987343861875,-1.0619093852530554,-1.2661615294783446
-0.5621103151912643,0.7314220821283194,-0.13495952365645644,-1.092747174722558,-0.4789815264759469,-0.7581986320427362,-0.5721899654616575,-0.7167277238512447,0.3624749789501266,-0.024152660716244067,-1.0619093852530554,-0.6580059241426668
-1.3635883345094206,-1.2130360834535463,-1.1460386793766137,-1.092747174722558,-0.6309163750345341,-1.4128305693504035,-1.4603654342379617,-0.09556369651349925,0.3624749789501266,-1.425035738849313,-0.7560794823001755,-1.030845038971575
0.6401067137859703,0.6565902585581213,0.6772007981665833,-0.1500638977268767,1.4102952860351778,1.4503576008942427,1.204160972090951,-0.7167277238512447,-1.1832042023588412,0.752275294205274,-0.45024957934729554,1.603477231376938
1.6519727131751434,0.6916676758566513,0.6189538468044437,1.7353026562644855,2.0510639951735667,1.1131229665236266,1.204160972090951,1.1467643581619917,-0.4103646117043573,1.1609869696759627,1.6905597413228641,1.5606924149211616
1.4415847331041265,0.34673973908776906,0.4365199991418939,-0.1500638977268767,0.8487969326664869,1.0139363093557983,1.204160972090951,-0.7167277238512447,-1.1832042023588412,0.8831292855413817,-0.45024957934729554,1.1420124253182071
1.1911228520672026,0.5607119846088041,0.5870828734176136,0.7926193792688044,1.4763539158432593,1.1065105227124374,1.204160972090951,2.3890924128374826,-0.4103646117043573,0.9121159291917853,1.6905597413228641,1.2917592829134243
-1.032978651540681,-0.44484064461573225,-1.3119875408045958,-1.092747174722558,-0.868727442343627,-1.1880074797699927,-0.5721899654616575,-0.7167277238512447,1.1353145696046105,-1.0788523946816375,-1.0619093852530554,-1.2203206547042984
-0.24151910746400154,-0.42262494699333,0.46289597711720176,-1.092747174722558,1.628288764401846,0.5642901301949753,0.31598550331464675,-0.09556369651349925,1.1353145696046105,-0.0750863345590971,-0.7560794823001755,0.7447248439431415
0.34957093178313864,0.14679846048614675,-0.3086013786605703,-0.1500638977268767,-1.1924147284032252,-0.11679158235744616,0.31598550331464675,0.5256003308242463,0.3624749789501266,0.08019925642520684,0.1614102265584644,-0.6916225656436346
1.4415847331041265,0.3677861894668881,0.7024777770595877,2.677985933260167,0.2278458124705232,1.747917572397728,1.204160972090951,1.1467643581619917,-1.1832042023588412,0.990793961957165,2.302219547228624,1.1939654167287932
0.8004023176496018,0.4133868319549776,0.6200528458867488,1.7353026562644855,0.9214614254553769,0.8750749893208378,-0.5721899654616575,-0.09556369651349925,1.1353145696046105,0.7108658032761268,1.0788999354171043,0.5613613448469573
0.620069763303016,1.3031839840943644,0.7947936999731677,-0.1500638977268767,0.8421910696856791,0.9279745398103462,0.31598550331464675,0.5256003308242463,-1.1832042023588412,1.0172960361518202,0.1614102265584644,1.0992276088624315
-0.1313158798077556,0.07079738967266365,0.34310507714601035,-0.1500638977268767,0.5449272355493133,-0.09034180711269155,1.204160972090951,-0.09556369651349925,0.3624749789501266,0.10007581207119909,-0.14441967639441558,0.12434500533438553
1.281289129240495,0.3900018870892904,0.9860195402941535,1.7353026562644855,0.6308034542998188,0.6767016749851811,1.204160972090951,1.7679283854997374,-0.4103646117043573,1.039243066344268,1.9963896442757443,0.7019400274873658
-1.0830710277480655,0.011165780265163102,-1.2064836289033618,-1.092747174722558,-0.941391935132516,-1.141720373091673,-0.5721899654616575,-0.7167277238512447,-0.4103646117043573,-0.8983070142305518,-1.0619093852530554,-0.8658178897850092
0.008942773572922317,0.1374444825398722,0.6574188146851028,-0.1500638977268767,0.6175917283382023,0.8684625455096497,-0.5721899654616575,0.5256003308242463,0.3624749789501266,0.30008365325898073,0.1614102265584644,0.6010901029844642
-0.036140365013723905,-0.7009057908950036,-1.4076004609650894,-1.092747174722558,-0.2411704591668546,-2.1269745009587684,-0.5721899654616575,-1.3378917511889903,0.3624749789501266,-0.7935410021798098,-1.3677392882059354,-1.1805918965667923
-0.6422581171230801,-0.4331481721828895,-0.09099956036427503,-1.092747174722558,-0.7762453606123128,-0.01099248137842863,0.31598550331464675,-1.3378917511889903,1.1353145696046105,-0.45315498674221616,-1.3677392882059354,-0.6335574575965089
-1.2533851068531745,-1.017771793825062,-0.24595843096921188,-1.092747174722558,-1.7539130817719162,-1.7368403160986434,-1.4603654342379617,-0.7167277238512447,1.9081541602590943,-0.9711877182658526,-1.0619093852530554,-2.066848808865016
-0.712387443813419,-0.9511247009578536,0.690388787154238,-1.092747174722558,0.5647448244917375,0.022069737677514172,0.31598550331464675,-0.09556369651349925,0.3624749789501266,-0.3711641947025041,-0.7560794823001755,0.18546617169978025
-1.133163403955451,-1.2714984456177636,-1.3240765307099456,-1.092747174722558,-0.9215743461900918,-1.7765149789657744,-1.4603654342379617,-0.7167277238512447,1.1353145696046105,-1.4175820304820659,-1.0619093852530554,-1.516758311576463
0.5299034861297235,-0.7266292302472591,-0.6064301299650943,-0.1500638977268767,0.6043800023765858,-0.38128933480498856,1.204160972090951,0.5256003308242463,0.3624749789501266,-0.26681227756105147,0.1614102265584644,0.017382964194943895
0.6601436642689238,0.30932382730267083,0.007910357043130756,0.7926193792688044,0.941279014397801,0.7891132197753867,1.204160972090951,1.1467643581619917,-0.4103646117043573,0.3853872045730251,1.0788999354171043,0.8975277598566282
-0.7624798200208036,-0.45185612807543857,-1.6944392214465689,-0.1500638977268767,0.6440151802614352,-0.8904475082665074,0.31598550331464675,-0.09556369651349925,-1.1832042023588412,-1.1136363670621219,-0.14441967639441558,0.167129821790162
1.2612521787575417,1.2493986109032835,1.2475813218826286,1.7353026562644855,1.2913897523806317,1.668568246663465,1.204160972090951,-0.09556369651349925,-1.1832042023588412,1.4338755148990452,1.0788999354171043,1.649318106150984
-0.17138978077366346,1.1476741007375466,0.37607504961514565,-0.1500638977268767,-0.06941802166584263,-0.004380037567240446,0.31598550331464675,-1.3378917511889903,-1.1832042023588412,0.4773162744357342,-0.7560794823001755,0.246587338065175
1.221178277791633,0.689329181370083,0.44421299271802633,1.7353026562644855,-0.04960043272341843,1.7148553533417852,1.204160972090951,1.7679283854997374,-1.1832042023588412,0.9162568782846998,1.9963896442757443,1.0503306757701152
1.601880336967758,1.3441076376093157,0.007910357043130756,-0.1500638977268767,2.024640543250334,1.5693815894956367,1.204160972090951,0.5256003308242463,-0.4103646117043573,1.1411104140299722,0.1614102265584644,1.7593362056086936
0.8104207928910785,0.5864354239610612,1.281650293434069,1.7353026562644855,0.6374093172806266,0.24028038344673647,0.31598550331464675,1.7679283854997374,-1.1832042023588412,1.0255779343376492,1.9963896442757443,0.6866597358960171
-0.8526460971940961,0.43209478784752675,-0.49433222357003376,-0.1500638977268767,-0.4129228966678656,-0.10356669473506885,1.204160972090951,0.5256003308242463,-1.1832042023588412,-0.385657516527705,0.1614102265584644,0.041831430741102564
-0.6322396418816033,0.3081545800593859,-0.573460157495959,-1.092747174722558,-0.6309163750345341,-1.3400936874273297,-0.5721899654616575,0.5256003308242463,0.3624749789501266,-0.3682655303374629,-0.45024957934729554,-0.9972283974706082
-0.24151910746400154,0.6074818743401785,1.2135123503311898,-1.092747174722558,-0.4195287596486738,-1.3334812436161412,0.31598550331464675,-1.3378917511889903,1.1353145696046105,0.5725581035727756,-1.3677392882059354,-1.0797419720638908
-1.6841795422366834,-1.998770230940627,-1.4043034637181757,-1.092747174722558,-1.8001541226375728,-2.1600367200147113,-1.4603654342379617,-0.7167277238512447,0.3624749789501266,-1.9331301925499558,-1.0619093852530554,-1.9171019512697987
-0.3917962360861562,0.011165780265163102,-0.40970929423258623,-0.1500638977268767,0.4524451538179991,-0.5069257672175711,-1.4603654342379617,-0.09556369651349925,-0.4103646117043573,-0.3123627175831149,-0.14441967639441558,0.0723920139237995
-0.036140365013723905,1.4832480595601527,1.217908346660407,1.7353026562644855,0.5581389615109297,-0.004380037567240446,1.204160972090951,1.7679283854997374,-0.4103646117043573,0.9692610266740066,1.9963896442757443,0.35354937920461577
-0.6422581171230801,-0.8458924490622618,-0.44377826578402657,-1.092747174722558,-0.5648577452264528,-0.43418888529449684,-1.4603654342379617,-0.7167277238512447,0.3624749789501266,-0.7322549556046722,-1.0619093852530554,-0.5479878246849564
1.46162168358708,1.137150875547987,2.177334545512253,1.7353026562644855,0.9677024663210331,1.628893583796334,1.204160972090951,1.7679283854997374,-1.1832042023588412,1.8272656787259491,1.9963896442757443,1.4812348986461485
-0.501999463742403,0.3210162997355136,-1.2614335830185879,-0.1500638977268767,-0.05620629570422712,-0.8573852892105647,1.204160972090951,-0.7167277238512447,1.1353145696046105,-0.5691015613438285,-0.45024957934729554,-0.6916225656436346
0.3996633079905232,0.19941458643394264,-0.4503722602778524,0.7926193792688044,0.10233441583516838,0.022069737677514172,-0.5721899654616575,0.5256003308242463,-0.4103646117043573,0.06612002950929707,0.7730700324642243,0.1549055885170829
-0.036140365013723905,0.011165780265163102,-0.4679562455947259,-0.1500638977268767,-1.3113202620577713,-1.1351079292804844,-1.4603654342379617,-1.3378917511889903,0.3624749789501266,-0.187306054977086,-0.7560794823001755,-1.217264596386029
-0.38177776084467946,0.491726397255029,1.0717414687139062,0.7926193792688044,-0.5780694711880688,1.2056971798802658,0.31598550331464675,1.1467643581619917,-0.4103646117043573,0.42017117695350936,1.0788999354171043,0.3871660207055827
-0.17138978077366346,0.7594840159671431,1.0233855090925075,0.7926193792688044,0.5185037836260804,1.2056971798802658,0.31598550331464675,0.5256003308242463,-0.4103646117043573,0.5837386661236423,0.7730700324642243,0.8944717015383588
0.8404762186155096,0.8635470206194499,0.7585267302571188,1.7353026562644855,0.723285536031133,1.4040704942159228,0.31598550331464675,0.5256003308242463,-0.4103646117043573,0.9390320982957315,1.3847298383699842,1.0808912589528126
-1.7843642946514526,-0.6225662255949522,-1.4592534178334018,-1.092747174722558,-0.4129228966678656,-1.181395035958804,1.204160972090951,-1.3378917511889903,0.3624749789501266,-1.507854720707608,-1.3677392882059354,-0.8230330733292327
0.1892753279195072,-0.2659458163932273,0.007910357043130756,-1.092747174722558,0.12215200477759258,0.3064048215586221,0.31598550331464675,-0.09556369651349925,-0.4103646117043573,-0.012972098165375524,-0.7560794823001755,0.2954842711574906
0.7402914662007395,1.2493986109032835,0.15957223040115548,1.7353026562644855,0.6308034542998188,0.5973523492509182,0.31598550331464675,-1.3378917511889903,-0.4103646117043573,0.8085922018689148,0.46724012951134436,0.6652673276681285
2.192970376214898,1.6036805256184403,1.3717682181830404,0.7926193792688044,0.9082496994937604,1.2784340618033405,1.204160972090951,1.7679283854997374,-1.1832042023588412,1.991247262805375,1.3847298383699842,1.2917592829134252
0.9406609710302788,0.15966018016227448,0.5035589431624695,-0.1500638977268767,0.5713506874725452,-0.004380037567240446,-1.4603654342379617,-0.09556369651349925,-0.4103646117043573,0.6350864348757848,-0.14441967639441558,0.35966149584115487
0.018961248814399055,0.24501522892203217,0.007910357043130756,2.677985933260167,0.2939044422786045,0.7362136692858785,1.204160972090951,2.3890924128374826,-0.4103646117043573,0.09759124261544896,2.9138793531343845,0.5735855781200373
2.448441494872561,1.9205465285484988,1.4410051603682246,1.7353026562644855,0.8289793437240627,-0.004380037567240446,1.204160972090951,2.3890924128374826,-1.1832042023588412,2.2351491643780554,2.302219547228624,0.662211269349859
-0.036140365013723905,1.7685443869215343,0.6453298247797532,0.7926193792688044,0.994125918244266,0.14109372627890807,1.204160972090951,1.7679283854997374,-1.1832042023588412,0.8545567368002693,1.3847298383699842,0.8058460103085362
-1.3235144335435127,-1.5018401525447804,-1.354848505014472,-1.092747174722558,-1.8001541226375728,-1.5516918893853635,1.204160972090951,-1.3378917511889903,0.3624749789501266,-1.5894314178380289,-1.3677392882059354,-1.6359445859889823
0.11914600122916824,0.4671722051460568,-0.16353349979637294,-0.1500638977268767,0.6902562211270923,0.6700892311739929,1.204160972090951,-0.09556369651349925,-0.4103646117043573,0.15307996046050587,-0.14441967639441558,0.7263884940335241
1.281289129240495,0.5922816601774826,1.048662487985512,1.7353026562644855,1.0733962740139638,0.7891132197753867,1.204160972090951,-0.09556369651349925,0.3624749789501266,1.1344848954813094,1.0788999354171043,0.7752854271258388
0.4497556841979078,-0.4015784966142109,-0.05143559340131241,-0.1500638977268767,0.3137220312210287,0.8287878826425178,1.204160972090951,-0.09556369651349925,-1.1832042023588412,0.024296443670857072,-0.14441967639441558,0.8089020686268067
-0.036140365013723905,0.5782506932580699,0.3200260964176146,-0.1500638977268767,-0.17511182935877329,-0.15646624522457714,-0.5721899654616575,-0.09556369651349925,-0.4103646117043573,0.31043602599126885,-0.14441967639441558,-0.05596243544352908
-2.0248077004468996,-1.1779586661550163,-1.9669909938580894,-1.092747174722558,-1.8067599856183811,-1.4194430131615923,-0.5721899654616575,-1.3378917511889903,1.1353145696046105,-1.9952444289436773,-1.3677392882059354,-1.7612429770380418
-0.7925352457452347,-0.7161060050576996,-0.13276152549184628,-1.092747174722558,-0.6903691418618072,-0.460638660539251,-1.4603654342379617,-0.7167277238512447,-0.4103646117043573,-0.6312157977375519,-1.0619093852530554,-0.43491366690897654
-0.14133435504923236,-0.17357528417376325,-1.138345685800482,-0.1500638977268767,-0.4195287596486738,0.43865369778239327,0.31598550331464675,-0.09556369651349925,1.1353145696046105,-0.5488109107885469,-0.14441967639441558,-0.2607183427676011
-0.22148215698104806,-0.40742473283063235,-0.2855223979321745,-0.1500638977268767,-0.16850596637796506,-0.2887151214483483,0.31598550331464675,-0.09556369651349925,-0.4103646117043573,-0.3434198357799739,-0.14441967639441558,-0.11402754349065425
-1.6941980174781601,0.011165780265163102,0.007910357043130756,-1.092747174722558,-1.1990205913840335,-1.1483328169028613,-1.4603654342379617,-1.3378917511889903,2.680993750913578,-0.6933300341312735,-1.3677392882059354,-1.7215142189005355
-1.594013265063391,-1.1066345843146712,-1.354848505014472,-1.092747174722558,-1.0074505649405974,-0.004380037567240446,-1.4603654342379617,-0.09556369651349925,1.1353145696046105,-1.5612729640062084,-0.7560794823001755,-0.7374634404176802
0.720254515717786,0.011165780265163102,1.0047025246933305,0.7926193792688044,0.8025558918008298,0.8089505512089523,-0.5721899654616575,1.7679283854997374,-0.4103646117043573,0.6802227799885571,1.3847298383699842,0.8425187101277727
0.12916447647064588,0.2964621076265431,-0.7602900014877276,-1.092747174722558,-1.5161020144628234,-1.3004190245601983,-1.4603654342379617,-0.7167277238512447,-0.4103646117043573,-0.12809048294840564,-1.0619093852530554,-1.2050403631129498
-1.2333481563702202,-1.3077451101595785,-1.901051048919818,-1.092747174722558,-0.9347860721517083,-1.9616634056790543,-1.4603654342379617,-1.3378917511889903,2.680993750913578,-1.6892282909772751,-1.3677392882059354,-1.975167059316924
0.9907533472376643,1.061149804734504,0.61565684955753,0.7926193792688044,1.0733962740139638,1.4768073761389975,1.204160972090951,-0.7167277238512447,-1.1832042023588412,1.0172960361518202,0.1614102265584644,1.4598424904182608
-0.5821472656742178,-0.37936279899180864,-0.9383278528210602,-1.092747174722558,-0.04960043272341843,-0.14985380141338897,0.31598550331464675,-0.7167277238512447,-0.4103646117043573,-0.728528101421047,-1.0619093852530554,0.005158730921865644
-0.036140365013723905,0.04624319756369313,-1.0592177518745567,-0.1500638977268767,-0.1552942404163486,-0.315164896693103,-1.4603654342379617,-1.3378917511889903,1.1353145696046105,-0.39766626889715573,-0.7560794823001755,-0.4868666583195617
-1.6340871660292988,-0.88564685533393,-1.0614157500391652,-1.092747174722558,-0.38649944474463316,-1.3533185750497065,-1.4603654342379617,-1.3378917511889903,1.1353145696046105,-1.3890094817409535,-1.3677392882059354,-1.0736298554273511
1.3213630302064039,0.011165780265163102,0.5112519367386019,0.7926193792688044,-0.04960043272341843,0.921362095999158,1.204160972090951,-0.09556369651349925,-1.1832042023588412,0.7427511112915716,0.46724012951134436,0.6836036775777468
-0.291611483671387,0.011165780265163102,0.2573831487262577,-0.1500638977268767,-0.5846753341688771,-0.41435155386093137,0.31598550331464675,-0.7167277238512447,0.3624749789501266,-0.01959761671403843,-0.45024957934729554,-0.5479878246849564
-0.24151910746400154,-0.5921657972695603,-1.0031687986770257,-0.1500638977268767,0.24105753843213873,-1.7236154284762661,-1.4603654342379617,-0.7167277238512447,1.1353145696046105,-0.6875327054011909,-0.45024957934729554,-0.9544435810148317
-1.1532003544384046,-1.7403665901747867,-1.1042767142490417,-1.092747174722558,-2.1238414086971718,-0.004380037567240446,-0.5721899654616575,-1.3378917511889903,-0.4103646117043573,-1.5090970054354822,-1.3677392882059354,-0.8872102980128974
-1.624068690787821,-1.9239384073704289,-1.561460332487722,-1.092747174722558,-1.2915026731153472,-1.8492518608888486,-1.4603654342379617,-1.3378917511889903,1.9081541602590943,-1.9409979958264938,-1.3677392882059354,-1.9048777179967196
-0.4218516618105873,-1.5556255257358602,-1.396610470142044,-1.092747174722558,-1.1593854134991846,-1.2210696988259355,-0.5721899654616575,-1.3378917511889903,-0.4103646117043573,-1.2515299718561836,-1.3677392882059354,-1.0033405141071474
0.29947855557575404,0.1269212573503127,0.28266012761926057,-0.1500638977268767,0.07591096391193548,0.2535052710691138,-0.5721899654616575,-0.09556369651349925,-0.4103646117043573,0.27523795870149353,-0.14441967639441558,0.24964339638344454
-0.4919809885009254,-0.8681081466846658,-1.9219320314836044,-1.092747174722558,-2.2823821202365666,-1.2673568055042554,-1.4603654342379617,-1.3378917511889903,0.3624749789501266,-1.2349661754845247,-1.3677392882059354,-1.727626335537075
-1.0630340772651121,-0.7406601971666718,-0.4635602492655071,-1.092747174722558,0.08912268987355193,-0.9235097273224502,-1.4603654342379617,-1.3378917511889903,-0.4103646117043573,-0.8763599840381058,-1.3677392882059354,-0.28822286763202887
-0.036140365013723905,1.0985657165196039,-0.29101739334369836,-1.092747174722558,-0.04960043272341843,-0.21597823952527456,0.31598550331464675,-0.7167277238512447,0.3624749789501266,0.2644714910599143,-1.0619093852530554,-0.2087653513570159
-0.036140365013723905,1.2213366770644598,0.007910357043130756,-0.1500638977268767,1.5159890937281086,1.3511709437264143,1.204160972090951,1.1467643581619917,-0.4103646117043573,0.4205852718628005,0.46724012951134436,1.4231697905990235
-0.38177776084467946,-0.5196724681859304,-0.9855848133601538,-0.1500638977268767,-0.20814114426281394,-0.8177106263434332,-1.4603654342379617,-0.09556369651349925,-0.4103646117043573,-0.7132065897772639,-0.14441967639441558,-0.37684855886185137
-0.12129740456627798,-0.06717378503488823,0.5431229101254321,-0.1500638977268767,-0.04960043272341843,0.22705549582435916,1.204160972090951,-0.7167277238512447,0.3624749789501266,0.13071883535876877,-0.45024957934729554,-0.004009444032943912
2.448441494872561,0.011165780265163102,1.420124177804439,2.677985933260167,2.262451610559427,1.8206544543208019,1.204160972090951,1.7679283854997374,-1.1832042023588412,1.551064374228536,2.6080494501815044,2.1688480202568394
0.4697926346808622,1.8609149191409966,1.273957299857938,0.7926193792688044,0.18821063458567389,1.5098695951949401,-0.5721899654616575,-0.09556369651349925,-1.1832042023588412,1.3332504519412176,0.46724012951134436,1.0656109673614638
0.5198850108882468,1.0050259370568566,0.03868233134765742,0.7926193792688044,0.18821063458567389,-0.3680644471826113,0.31598550331464675,1.1467643581619917,1.1353145696046105,0.5853950457608104,1.0788999354171043,-0.35240009231569314
0.3696078822660921,-0.2028064652558719,0.698081780730369,0.7926193792688044,-0.20814114426281394,0.8486252140760842,0.31598550331464675,-0.09556369651349925,1.1353145696046105,0.343977713643878,0.46724012951134436,0.02655113914975345
-0.011094176910032056,-0.43431741942617275,0.20902718910485915,0.7926193792688044,0.6175917283382023,-0.10356669473506885,-0.5721899654616575,0.5256003308242463,0.3624749789501266,-0.07964137856130274,0.7730700324642243,0.15184953019881334
1.8523422180046818,1.4142624722063775,1.9883067033558754,1.7353026562644855,2.1765753918089215,0.6833141187963702,1.204160972090951,-0.09556369651349925,-1.1832042023588412,2.015678862453571,1.0788999354171043,1.603477231376938
0.35958940702461534,-0.3267466730440128,-0.2833243997675659,1.7353026562644855,-0.04960043272341843,-0.4275764414833082,0.31598550331464675,-0.7167277238512447,0.3624749789501266,-0.07384404983122203,0.7730700324642243,-0.3065592175416471
1.4115293073796962,0.011165780265163102,1.2343933328949754,1.7353026562644855,0.5911682764149704,1.8206544543208019,1.204160972090951,1.1467643581619917,-1.1832042023588412,1.0524941034415956,1.6905597413228641,1.3956652657345956
0.4397372089564311,0.35375522254747543,0.8739216338990929,-0.1500638977268767,0.8091617547816384,-0.004380037567240446,1.204160972090951,1.1467643581619917,-0.4103646117043573,0.6363287196036616,0.46724012951134436,0.4696795952988652
-1.4036622354753283,-1.6070724044403712,-1.2152756215617986,-1.092747174722558,-0.11565906253149973,-1.2805816931266323,-1.4603654342379617,-1.3378917511889903,1.9081541602590943,-1.607237498937563,-1.3677392882059354,-1.098078321973509
0.5599589118541546,0.5899431656909128,0.5936768679114409,0.7926193792688044,0.8686145216089111,1.331333612292849,1.204160972090951,1.1467643581619917,-0.4103646117043573,0.66407307852619,1.0788999354171043,1.1145079004537803
-1.624068690787821,-0.6108737531621095,-1.2416515995371065,-1.092747174722558,-1.8992420673496948,-1.6641034341755692,-1.4603654342379617,-1.3378917511889903,1.1353145696046105,-1.3554677940883444,-1.3677392882059354,-1.9171019512697987
-0.1012604540833245,0.7115448789924854,1.0750384659608199,0.7926193792688044,0.9478848773786088,-0.2754902338259715,0.31598550331464675,1.1467643581619917,-1.1832042023588412,0.6152098792297943,1.0788999354171043,0.5919219280296547
-0.7724982952622803,-0.037942603952779604,-0.20089946859472696,-1.092747174722558,-0.7762453606123128,-0.8243230701546218,-1.4603654342379617,-0.7167277238512447,0.3624749789501266,-0.40843273653873674,-1.0619093852530554,-0.8260891316475023
-0.036140365013723905,-0.4799180619142623,-0.02505961542600451,0.7926193792688044,-0.525222567341604,0.12125639484534258,0.31598550331464675,-0.7167277238512447,-0.4103646117043573,-0.19434566843504175,0.1614102265584644,-0.089579076944496
0.6701621395104015,0.827300356077635,0.007910357043130756,-0.1500638977268767,0.7629207139159814,0.09480661960058796,0.31598550331464675,0.5256003308242463,0.3624749789501266,0.5729721984820649,0.1614102265584644,0.3107645627488393
-1.4838100374071441,-1.084418886692269,-0.29321539150830694,-1.092747174722558,-0.941391935132516,-0.05727958805674874,-1.4603654342379617,-0.7167277238512447,0.3624749789501266,-1.1078390383320411,-1.0619093852530554,-0.5479878246849564
1.7621759408313893,0.9991797008404336,0.5508159037015645,1.7353026562644855,1.5490184086321492,0.9544243150551008,1.204160972090951,0.5256003308242463,-1.1832042023588412,1.2897704864656114,1.3847298383699842,1.438450082190372
-0.291611483671387,0.060274164483105803,0.18484920929415985,-1.092747174722558,-0.1552942404163486,0.14109372627890807,0.31598550331464675,-0.09556369651349925,0.3624749789501266,-0.02953589453703367,-0.7560794823001755,-0.09263513526276557
-0.036140365013723905,0.013504274751731327,0.02439534327769917,-0.1500638977268767,-0.04960043272341843,-0.09695425092388067,-0.5721899654616575,0.5256003308242463,-0.4103646117043573,-0.0009633457959230149,0.1614102265584644,0.029607197468023882
1.0809196244109567,1.3616463462585817,1.3970451970760431,-0.1500638977268767,0.6638327692038595,1.4239078256494881,1.204160972090951,-0.09556369651349925,-0.4103646117043573,1.4554084501822018,-0.14441967639441558,1.0625549090431943
0.11914600122916824,0.011165780265163102,0.21342318543407635,-0.1500638977268767,-0.525222567341604,-0.2622653462035942,-1.4603654342379617,-0.09556369651349925,0.3624749789501266,0.13361749972380826,-0.14441967639441558,-0.45019395850032523
1.4716401588285568,0.011165780265163102,0.007910357043130756,0.7926193792688044,2.2558457475786184,1.5032571513837512,1.204160972090951,1.7679283854997374,-1.1832042023588412,0.6152098792297961,1.3847298383699842,2.019101162661621
-1.6340871660292988,0.011165780265163102,-1.739498183821054,-0.1500638977268767,-0.8224864014779698,-1.4921798950846665,-1.4603654342379617,-0.09556369651349925,1.1353145696046105,-1.3268952453472311,-0.14441967639441558,-1.3395069291168182
-0.036140365013723905,0.09418233453835088,0.8673276394052656,0.7926193792688044,0.7034679470887079,-0.1961409080917086,0.31598550331464675,0.5256003308242463,1.1353145696046105,0.3452199983717513,0.7730700324642243,-0.03457002721564128
-0.04114960263446317,-0.8727851356578022,-0.5690641611667419,1.7353026562644855,-0.6309163750345341,-0.004380037567240446,-1.4603654342379617,0.5256003308242463,1.1353145696046105,-0.5405290126027178,1.3847298383699842,-0.5632681162763051
-0.09124197884184776,0.12925975183688093,0.911287602697447,0.7926193792688044,-0.3336525408981683,0.9411994274327234,-0.5721899654616575,1.1467643581619917,0.3624749789501266,0.35143142201112487,1.0788999354171043,0.19463434665458895
-1.0429971267821585,-1.5755027288716943,-1.4262834453642657,-1.092747174722558,-1.3905906178274692,-0.9896341654343358,-1.4603654342379617,-0.7167277238512447,1.1353145696046105,-1.5264889916257243,-1.0619093852530554,-1.3700675122995156
-0.036140365013723905,0.29295436589668994,-1.2196716178910165,-0.1500638977268767,-0.5384342933032205,-0.7648110758539248,-0.5721899654616575,-0.09556369651349925,-0.4103646117043573,-0.3707500997932113,-0.14441967639441558,-0.5052030082291804
0.1592199021950761,-0.779245356195055,0.44311399363572124,0.7926193792688044,1.1989076706493176,-0.004380037567240446,1.204160972090951,-0.09556369651349925,-1.1832042023588412,-0.04320102654365235,0.46724012951134436,0.833350535172964
-1.413680710716805,-1.3814076864864926,-2.182394813989775,-1.092747174722558,-0.6375222380153424,-1.4326679007839696,1.204160972090951,-1.3378917511889903,1.9081541602590943,-1.8958616507137214,-1.3677392882059354,-1.4097962704370226
-0.3717592856032018,-0.03326561497964315,0.6662108073435388,0.7926193792688044,-0.04960043272341843,-0.050667144245560555,-0.5721899654616575,-0.09556369651349925,-0.4103646117043573,0.08558249024599644,0.46724012951134436,0.050999605695911686
-1.313495958302036,-1.3393147857282564,-1.1405436839650913,-1.092747174722558,-1.080115057729487,-1.617816327497249,-1.4603654342379617,-0.7167277238512447,2.680993750913578,-1.4469827690417605,-1.0619093852530554,-1.8834853097688313
-0.2114636817395713,-0.6389356870009332,-0.8570019207305248,-0.1500638977268767,-0.9876329759981731,-1.1615577045252385,-0.5721899654616575,-1.3378917511889903,-0.4103646117043573,-0.6365990315583396,-0.7560794823001755,-0.8963784729677066
-0.5220364142253565,-0.5582576272143136,-1.097682719755215,-0.1500638977268767,-0.14208251445473263,-0.09034180711269155,-0.5721899654616575,-0.7167277238512447,0.3624749789501266,-0.827082689832419,-0.45024957934729554,-0.1934850597656672
-0.2315006322225248,0.011165780265163102,0.40025302942584495,-0.1500638977268767,-0.3270466779173601,-0.03744225662318325,0.31598550331464675,-0.09556369651349925,-1.1832042023588412,0.059080416051341296,-0.14441967639441558,0.11212077206130641
-0.6021842161571722,-0.8914930915503514,-2.020841948891011,-0.1500638977268767,-0.04960043272341843,0.10803150722296527,-0.5721899654616575,-1.3378917511889903,-0.4103646117043573,-1.326067055528649,-0.7560794823001755,0.12434500533438553
-0.4418886122935408,-0.4974567705635281,1.0079995219402442,-0.1500638977268767,0.39959824997153426,-0.11017913854625751,1.204160972090951,-0.09556369651349925,0.3624749789501266,0.020983684396524736,-0.14441967639441558,0.04794354737764213
0.45977415943938454,-0.3232389313141596,0.911287602697447,0.7926193792688044,0.5383213725685045,-0.004380037567240446,0.31598550331464675,-0.09556369651349925,0.3624749789501266,0.41892889222563606,0.46724012951134436,0.16101770515362201
-2.0648816014128073,-2.2712048386258794,-2.539569515738744,-1.092747174722558,-2.3418348870638397,-1.2210696988259355,-1.4603654342379617,-1.3378917511889903,2.680993750913578,-2.614730413243726,-1.3677392882059354,-2.283828949462167
1.110975050135387,0.5232960728237058,0.007910357043130756,0.7926193792688044,0.06269923795031997,0.8618501016984605,0.31598550331464675,1.7679283854997374,1.9081541602590943,0.6475092821545302,1.3847298383699842,-0.02540185226083172
1.9425084951779743,-0.529026446132205,0.2848581257838707,-1.092747174722558,-1.4236199327315098,-0.6325621996301537,-0.5721899654616575,-0.7167277238512447,0.3624749789501266,0.7228745556455793,-1.0619093852530554,-1.0369571556081143
-0.24151910746400154,0.6729597199641022,0.5288359220554739,0.7926193792688044,1.2913897523806317,0.26011771488030194,0.31598550331464675,-0.09556369651349925,-0.4103646117043573,0.3377662900045062,0.46724012951134436,0.8150141852633458
-0.8225906714696649,-0.3103772116380319,-1.133949689471264,-0.1500638977268767,-1.13956782455676,-0.7515861882315475,-1.4603654342379617,-0.7167277238512447,1.1353145696046105,-0.877188173856688,-0.45024957934729554,-1.143919196747555
-0.036140365013723905,0.349078233574339,0.48377695968098894,0.7926193792688044,1.2913897523806317,0.3923665911040732,-0.5721899654616575,-0.09556369651349925,-0.4103646117043573,0.29097356525456947,0.46724012951134436,0.8761353516287405
-0.7324243942963725,-0.31622344785445494,-0.6789640693971938,-0.1500638977268767,-0.8555157163820105,-0.9962466092455244,-1.4603654342379617,-0.7167277238512447,-0.4103646117043573,-0.6705548141202418,-0.45024957934729554,-0.7588558486455684
-0.24151910746400154,-0.18176001487675456,-0.3360763557181833,-1.092747174722558,-0.06281215868503487,0.028682181488702354,0.31598550331464675,-0.7167277238512447,0.3624749789501266,-0.2908297822999565,-1.0619093852530554,-0.10180331021757513
0.04901667453883017,-0.15135958655136098,-1.0811977335206475,-0.1500638977268767,-0.08262974762745907,-0.47386354816162835,-0.5721899654616575,-0.7167277238512447,-0.4103646117043573,-0.4407321394634708,-0.45024957934729554,-0.1598684182647003
1.4415847331041265,0.05676642275325264,-0.8031509656976039,-1.092747174722558,-0.04960043272341843,-0.7449737444203594,-0.5721899654616575,-1.3378917511889903,1.1353145696046105,0.31333469035630834,-1.3677392882059354,-0.636613515914779
0.05903514978030691,-0.5091492429963709,-1.1636226646934864,-0.1500638977268767,-1.24526163224969,0.15431861390128537,1.204160972090951,-0.7167277238512447,0.3624749789501266,-0.5943613508106086,-0.45024957934729554,-0.5907726411407329
-0.24151910746400154,-0.38637828245151495,0.9134856008620555,-0.1500638977268767,-0.5780694711880688,-0.18952846428051995,0.31598550331464675,0.5256003308242463,-0.4103646117043573,0.10752952043844596,0.1614102265584644,-0.2576622844493315
-0.5621103151912643,0.20526082265036402,0.18924520562337704,0.7926193792688044,-0.08923561060826778,-1.181395035958804,-0.5721899654616575,0.5256003308242463,0.3624749789501266,-0.08833737165642468,0.7730700324642243,-0.6732862157340159
0.2393677041268918,-0.049635076385624054,0.7156657660472424,0.7926193792688044,1.3706601081503296,-0.22259068333646276,0.31598550331464675,-1.3378917511889903,0.3624749789501266,0.35101732710183375,-0.14441967639441558,0.44523112875270787
-0.32166690939581727,-0.8879853498204981,-0.6668750794918425,-1.092747174722558,1.2913897523806317,-0.3283897843154798,-1.4603654342379617,-0.7167277238512447,-0.4103646117043573,-0.6987132679520612,-1.0619093852530554,0.543024994937339
-0.08122350360037013,0.059104917239820864,-0.8361209381667392,-0.1500638977268767,0.15518131968163323,0.12125639484534258,-0.5721899654616575,1.1467643581619917,1.9081541602590943,-0.3276842292268962,0.46724012951134436,-0.32489556745126624
0.1391829517121226,-0.3606548430992595,0.27936313037234844,-0.1500638977268767,0.18160477160486613,0.3394670406145649,-1.4603654342379617,-0.09556369651349925,0.3624749789501266,0.03506291131243628,-0.14441967639441558,0.1549055885170829
0.5399219613712003,0.8962859434314118,0.8860106238044426,-0.1500638977268767,-0.04960043272341843,0.7031514502299356,-0.5721899654616575,0.5256003308242463,-0.4103646117043573,0.8744332924462598,0.1614102265584644,0.3993902539786618
-1.3635883345094206,0.011165780265163102,-0.3756403226811459,-1.092747174722558,-1.8662127524456542,-0.5135382110287597,-1.4603654342379617,-1.3378917511889903,-0.4103646117043573,-0.7011978374078114,-1.3677392882059354,-1.0033405141071474
0.19929380316098394,1.1313046393315658,0.46839097252872564,-0.1500638977268767,0.39299238699072647,1.4900322637613739,0.31598550331464675,-0.09556369651349925,-0.4103646117043573,0.6595180345239844,-0.14441967639441558,0.9678171011768326
0.6100512880615392,1.7217744971901598,-0.08880156219966644,1.7353026562644855,1.066790411033155,0.5180030235166562,0.31598550331464675,1.1467643581619917,-1.1832042023588412,0.8284687575149052,1.6905597413228641,1.0136579759508786
-0.9728678000918196,-0.4249634414798982,-0.40641229698567255,-0.1500638977268767,-0.8885450312860511,-1.0822083787909755,0.31598550331464675,-1.3378917511889903,1.1353145696046105,-0.705752881410017,-0.7560794823001755,-1.1805918965667919
-0.1012604540833245,-0.835369223872704,-1.1504346757058317,-1.092747174722558,-0.27419977407089524,-1.1020457102245416,-0.5721899654616575,-0.7167277238512447,1.1353145696046105,-0.7711798770780709,-1.0619093852530554,-0.9055466479225162
0.7703468919251706,-0.26945355812308047,0.007910357043130756,-0.1500638977268767,1.357448382188713,1.8206544543208019,0.31598550331464675,1.1467643581619917,-0.4103646117043573,0.22596066449580665,0.46724012951134436,1.5668045315577006
1.1310120006183404,0.7185603624521917,0.007910357043130756,0.7926193792688044,0.28729857929779584,1.2784340618033405,1.204160972090951,1.1467643581619917,-0.4103646117043573,0.7249450301920366,1.0788999354171043,0.8211263018998849
-0.7724982952622803,-0.10108195509013498,-0.4481742621132438,-1.092747174722558,-1.8001541226375728,-1.8095771980217172,-1.4603654342379617,-0.09556369651349925,1.1353145696046105,-0.523965216231058,-0.7560794823001755,-1.9384943594976864
0.7803653671666474,0.5291423090401273,0.7420417440225503,-0.1500638977268767,1.383871834111946,1.1131229665236266,-0.5721899654616575,1.1467643581619917,-1.1832042023588412,0.7895438360415065,0.46724012951134436,1.4353940238721026
-0.5320548894668332,-0.10225120233341826,0.5837858761706999,-1.092747174722558,0.2542692643937552,0.6767016749851811,-1.4603654342379617,-0.7167277238512447,1.1353145696046105,-0.03616141308569834,-1.0619093852530554,0.16101770515362201
-0.501999463742403,-0.7383217026801036,-0.099791553022711,-0.1500638977268767,-0.8621215793628187,-0.1961409080917086,1.204160972090951,0.5256003308242463,0.3624749789501266,-0.5065732300408158,0.1614102265584644,-0.5754923495493842
0.19929380316098394,0.7629917576969963,1.0003065283641117,-0.1500638977268767,0.03627578602708707,0.16093105771247357,-0.5721899654616575,1.7679283854997374,-1.1832042023588412,0.7295000741942422,0.7730700324642243,0.371885729114234
-0.036140365013723905,-0.3244081785574445,0.6662108073435388,0.7926193792688044,0.8818262475705275,-0.004380037567240446,1.204160972090951,0.5256003308242463,-1.1832042023588412,0.12119465244506288,0.7730700324642243,0.6866597358960171
-0.036140365013723905,0.011165780265163102,0.007910357043130756,0.7926193792688044,0.02966992304627932,0.31962970918099937,-0.5721899654616575,-0.09556369651349925,0.3624749789501266,-0.00800295925387702,0.46724012951134436,0.07544807224206992
-0.036140365013723905,-0.014557659087092363,-0.7899629767099492,-0.1500638977268767,-0.5780694711880688,-1.0822083787909755,-0.5721899654616575,-1.3378917511889903,1.1353145696046105,-0.3177459514039027,-0.7560794823001755,-1.0369571556081143
-1.10310797823102,-1.1802971606415846,-0.061326585142053455,-1.092747174722558,-0.7300043197466561,-1.20123236739237,-1.4603654342379617,-0.09556369651349925,-0.4103646117043573,-0.8970647295026785,-0.7560794823001755,-0.7955285484648054
2.2731181781467136,2.14153425752924,0.007910357043130756,2.677985933260167,2.2822691995018514,1.7280802409641625,1.204160972090951,1.7679283854997374,-0.4103646117043573,1.7009667313920487,2.6080494501815044,1.9518678796596873
0.3195155060587075,0.7185603624521917,-0.5965391382243548,-1.092747174722558,-0.5978870601304935,-0.3680644471826113,0.31598550331464675,-1.3378917511889903,-0.4103646117043573,0.1617759535556278,-1.3677392882059354,-0.3493440339974236
-0.48196251325944867,0.7010216538029258,-0.10748454659884345,-1.092747174722558,-0.12226492551230796,-1.8690891923224147,-1.4603654342379617,-0.7167277238512447,0.3624749789501266,0.008560837117781125,-1.0619093852530554,-1.006396572425417
-0.32166690939581727,-1.1662661937221734,0.2474921569855167,-1.092747174722558,-0.6705515529193831,0.11464395103415345,0.31598550331464675,1.1467643581619917,-0.4103646117043573,-0.4527408918329251,-0.14441967639441558,-0.1598684182647003
1.3313815054478806,2.0748871646620315,0.6596168128497114,1.7353026562644855,0.41280997593315066,1.6751806904746542,1.204160972090951,1.1467643581619917,-0.4103646117043573,1.533672388038292,1.6905597413228641,1.0625549090431952
-0.5220364142253565,-0.43782516115602593,-0.5229061997099519,-0.1500638977268767,-1.1131443726335275,-0.480475991972817,-1.4603654342379617,-1.3378917511889903,-0.4103646117043573,-0.5678592766159535,-0.7560794823001755,-0.6396695742330485
-0.036140365013723905,-0.3372698982335723,0.007910357043130756,-0.1500638977268767,0.6968620841079001,-0.004380037567240446,1.204160972090951,0.5256003308242463,-0.4103646117043573,-0.13140324222273797,0.1614102265584644,0.41772660388828003
-1.453754611682713,-1.7555668043374835,-1.6219052820144704,-1.092747174722558,-1.5557371923476724,-1.1351079292804844,-1.4603654342379617,-1.3378917511889903,0.3624749789501266,-1.8337474143200008,-1.3677392882059354,-1.3303387541620093
-0.036140365013723905,1.8199912656260453,2.260858475767395,1.7353026562644855,2.2822691995018514,-0.004380037567240446,1.204160972090951,1.7679283854997374,-0.4103646117043573,1.4814964294675659,1.9963896442757443,1.1511806002730167
-0.2815930084299094,-1.1475582378296243,-0.36245233369349117,-1.092747174722558,-0.04960043272341843,-0.705299081553228,1.204160972090951,0.5256003308242463,-0.4103646117043573,-0.6593742515693714,-0.45024957934729554,-0.2515501678127924
-0.2315006322225248,0.5209575783371376,0.007910357043130756,0.7926193792688044,1.1724842187260855,0.6105772368732955,-0.5721899654616575,1.7679283854997374,-1.1832042023588412,0.09179391388536826,1.3847298383699842,1.1053397254989707
-0.5520918399497876,0.4999111279580186,0.9035946091213145,-1.092747174722558,0.09572855285436062,0.08819417578939977,0.31598550331464675,-0.7167277238512447,1.1353145696046105,0.28931718561740155,-1.0619093852530554,-0.18431688481085767
0.08909057550473802,-0.3314236620171509,-0.04374259982518152,-0.1500638977268767,-0.3270466779173601,0.16754350152366174,0.31598550331464675,-0.09556369651349925,1.1353145696046105,-0.09703336475154485,-0.14441967639441558,-0.3432319173608845
-0.8726830476770495,-0.5220109626724987,-0.1679294961255917,-0.1500638977268767,-0.24777632214766232,-1.7765149789657744,-1.4603654342379617,-1.3378917511889903,0.3624749789501266,-0.6088546726358113,-0.7560794823001755,-1.0216768640167655
-0.5921657409156955,-0.6786900932726013,-1.281215566500069,0.7926193792688044,-1.3047143990769632,-0.9631843901895817,1.204160972090951,-0.09556369651349925,-0.4103646117043573,-0.9678749589915203,0.46724012951134436,-0.9513875226965617
1.4415847331041265,1.565095366590057,0.9288715880143189,1.7353026562644855,2.117122624981648,1.622281139985145,1.204160972090951,1.7679283854997374,-1.1832042023588412,1.500130700385683,1.9963896442757443,2.0099329877068124
-1.6140502155463443,0.011165780265163102,-1.6955382205288732,-1.092747174722558,-1.628401685136562,-0.645787087252531,-1.4603654342379617,-1.3378917511889903,1.9081541602590943,-1.3020495507897438,-1.3677392882059354,-1.5045340783033843
0.5198850108882468,0.7372683183447408,-0.43828327037250275,-0.1500638977268767,-0.4987991154183716,-0.1763035766581431,0.31598550331464675,0.5256003308242463,-0.4103646117043573,0.31085012090055997,0.1614102265584644,-0.21487746799355545
-0.45190708753501757,0.4309255406042418,-0.6415981005988397,-1.092747174722558,-0.6309163750345341,0.22044305201317096,0.31598550331464675,-0.7167277238512447,0.3624749789501266,-0.27592236556546273,-1.0619093852530554,-0.2759986343589497
0.5299034861297235,0.89862443791798,-0.05583158973053117,-0.1500638977268767,0.47886860574123197,0.9015247645655925,1.204160972090951,-0.09556369651349925,-1.1832042023588412,0.516241195909133,-0.14441967639441558,0.9189201680845169
-0.16137130553218584,-0.7593681530592209,0.39036203768510386,-0.1500638977268767,-0.28080563705170297,-0.42096399767211956,-0.5721899654616575,0.5256003308242463,0.3624749789501266,-0.18854833970496282,0.1614102265584644,-0.4104652003628183
-0.9027384734014806,-1.2598059731849207,-0.9559118381379321,-1.092747174722558,-0.868727442343627,-0.004380037567240446,-0.5721899654616575,-1.3378917511889903,1.9081541602590943,-1.1794774576394678,-1.3677392882059354,-0.8566497148302
-0.5120179389838798,-0.442502150129164,-0.7591910024054226,0.7926193792688044,-1.502890288501207,-1.4591176760287237,-1.4603654342379617,-1.3378917511889903,0.3624749789501266,-0.6544051126578729,-0.14441967639441558,-1.4556371452110681
0.29947855557575404,1.3756773131779942,-0.7613890005700327,-0.1500638977268767,-0.941391935132516,-0.09695425092388067,-0.5721899654616575,-0.09556369651349925,-0.4103646117043573,0.3241011579978875,-0.14441967639441558,-0.38296067549839097
1.110975050135387,1.4727248343705948,0.7310517531995058,-0.1500638977268767,1.2187252595917428,0.14770617009009626,0.31598550331464675,-0.09556369651349925,-0.4103646117043573,1.2562287988130023,-0.14441967639441558,0.7294445523517928
-0.036140365013723905,-0.24022237704097182,-1.2900075591585058,-1.092747174722558,-0.3931053077254414,-0.9631843901895817,-1.4603654342379617,-0.09556369651349925,-0.4103646117043573,-0.5860794526247796,-0.7560794823001755,-0.5296514747753382
-0.40181471132763297,-0.9616479261474131,-0.1195735365041931,-1.092747174722558,0.994125918244266,0.36591681585931857,-0.5721899654616575,-0.7167277238512447,-0.4103646117043573,-0.5517095751535882,-1.0619093852530554,0.7263884940335232
-0.9528308496088652,-1.1019575953415348,0.5870828734176136,-1.092747174722558,-0.21474700724362167,-0.45402621672806237,1.204160972090951,-0.09556369651349925,-0.4103646117043573,-0.5628901377044567,-0.7560794823001755,-0.21182140967528545
1.9425084951779743,-0.4822565564008305,0.3925600358497125,-0.1500638977268767,-1.3047143990769632,-0.539987986273514,0.31598550331464675,-0.09556369651349925,-0.4103646117043573,0.7800196531278041,-0.14441967639441558,-0.7557997903272988
-1.3736068097508973,-1.3872539227029148,-0.7438050152531592,-0.1500638977268767,-0.09584147358907552,0.29979237774743295,-1.4603654342379617,-0.09556369651349925,0.3624749789501266,-1.3393180926259756,-0.14441967639441558,0.008214789240135207
-0.9929047505747731,0.011165780265163102,-0.38443231533958183,-1.092747174722558,-1.7208837668678756,-1.5781416646301176,-1.4603654342379617,-0.7167277238512447,1.1353145696046105,-0.5512954802442953,-1.0619093852530554,-1.794859618539009
2.132859524766036,1.3967237635571117,1.3398972447962085,1.7353026562644855,2.0378522692119505,2.276913077292813,1.204160972090951,1.7679283854997374,-0.4103646117043573,1.8810980169338416,1.9963896442757443,2.092446562300096
1.2111598025501562,2.493477677757827,1.1453744072283092,2.677985933260167,1.555624271612957,0.7692758883418213,1.204160972090951,1.1467643581619917,0.3624749789501266,1.8152569263564948,2.302219547228624,0.9892095094047204
1.4516032083456032,0.011165780265163102,0.6673098064258423,-1.092747174722558,0.9148555624745682,0.24028038344673647,1.204160972090951,1.1467643581619917,-1.1832042023588412,0.8553849266188516,-0.14441967639441558,0.8150141852633458
-0.7023689685719414,-0.7757376144652017,-0.39212530891571273,-1.092747174722558,-1.3641671659042367,-0.024217369000805938,0.31598550331464675,-0.7167277238512447,0.3624749789501266,-0.712792494867971,-1.0619093852530554,-0.728295265462871
1.4415847331041265,1.4411551588019162,1.7069629382859184,0.7926193792688044,0.49868619468365616,0.9345869836215352,-0.5721899654616575,0.5256003308242463,-1.1832042023588412,1.7494158357791516,0.7730700324642243,0.9433686346306743
-1.6040317403048676,-0.32908516753058265,-1.087791728014474,-1.092747174722558,-1.6085840961941371,0.4783283606495243,-1.4603654342379617,-0.7167277238512447,1.1353145696046105,-1.1894157354624622,-1.0619093852530554,-0.7924724901465353
0.29947855557575404,-0.6973980491651505,-0.07891057045892538,-0.1500638977268767,-0.10244733656988375,0.6238021244956727,-0.5721899654616575,-0.09556369651349925,0.3624749789501266,-0.15293617750589286,-0.14441967639441558,0.1549055885170829
-0.7324243942963725,-0.45185612807543857,-0.35475934011736027,-0.1500638977268767,-0.7762453606123128,-0.38128933480498856,-1.4603654342379617,-0.7167277238512447,-0.4103646117043573,-0.5964318253570676,-0.45024957934729554,-0.43796972522724614
-0.036140365013723905,-0.22268366839170597,-1.1921966408334037,-1.092747174722558,-1.331137851000196,-0.004380037567240446,-1.4603654342379617,-1.3378917511889903,0.3624749789501266,-0.5430135820584662,-1.3677392882059354,-0.7038467989167133
0.6601436642689238,-0.6833670822457377,-0.3965213052449315,0.7926193792688044,-0.842303990420394,-0.3614520033714226,0.31598550331464675,1.1467643581619917,1.1353145696046105,-0.11856630003470327,1.0788999354171043,-0.8260891316475023
0.4397372089564311,-0.35714710136940636,0.007910357043130756,-0.1500638977268767,-0.23456459618604636,0.8684625455096497,0.31598550331464675,-0.7167277238512447,0.3624749789501266,0.058252226232759094,-0.45024957934729554,0.20685857992766807
-0.5921657409156955,-0.49862601780681143,-1.2933045564054195,-0.1500638977268767,-0.4393463485910985,-0.1961409080917086,0.31598550331464675,-1.3378917511889903,0.3624749789501266,-0.9086593869628399,-0.7560794823001755,-0.379904617180121
-2.0648816014128073,-1.7041199256329718,-1.7570821691379266,-1.092747174722558,-1.84639516350323,-1.4326679007839696,-1.4603654342379617,-1.3378917511889903,-0.4103646117043573,-2.1190588068218275,-1.3677392882059354,-1.4189644453918313
-1.624068690787821,-1.5930414375209594,-0.6800630684794973,-0.1500638977268767,-0.8158805384971616,-0.004380037567240446,-1.4603654342379617,-0.09556369651349925,1.1353145696046105,-1.4917050192452401,-0.14441967639441558,-0.6488377491878581
1.4415847331041265,0.011165780265163102,-0.9789908188663263,-1.092747174722558,-0.8555157163820105,-0.7648110758539248,1.204160972090951,-0.7167277238512447,0.3624749789501266,0.23092980340730515,-1.0619093852530554,-0.8352573066023118
-0.17138978077366346,-0.026250131519936812,0.007910357043130756,0.7926193792688044,0.02966992304627932,1.3181087246704717,0.31598550331464675,-0.09556369651349925,-1.1832042023588412,-0.07715680910555438,0.46724012951134436,0.9036398764931682
-0.1313158798077556,-0.10809743854984132,0.017801348783871802,-0.1500638977268767,-0.47237566349513915,0.20721816439079366,0.31598550331464675,-0.7167277238512447,0.3624749789501266,-0.08585280220067631,-0.45024957934729554,-0.2087653513570159
-1.1131264534724967,-2.2910820417617135,-0.972396824372499,-1.092747174722558,-1.549131329366864,-0.004380037567240446,-0.5721899654616575,-0.09556369651349925,1.1353145696046105,-1.637880522225131,-0.7560794823001755,-0.9880602225157986
2.448441494872561,2.551501572205813,2.3267984207056673,0.7926193792688044,2.2822691995018514,1.7214677971529735,1.204160972090951,1.1467643581619917,-1.1832042023588412,2.7923656266933996,1.0788999354171043,2.132175320437602
-0.11127892932480124,0.011165780265163102,0.32991708815835563,1.7353026562644855,1.2913897523806317,0.43204125397120413,-0.5721899654616575,-0.09556369651349925,1.1353145696046105,0.08226973097166411,1.0788999354171043,0.5277447033459903
-0.45190708753501757,0.7197296096954766,0.23650216616247213,-1.092747174722558,-0.34025840387897655,1.1858598484467004,-0.5721899654616575,-0.09556369651349925,0.3624749789501266,0.15722090955342394,-0.7560794823001755,0.30465244611230013
1.9425084951779743,-2.017478186833176,-2.246136760763437,-1.092747174722558,-2.3418348870638397,-1.670715877986758,-1.4603654342379617,-1.3378917511889903,1.9081541602590943,-0.7579288399807416,-1.3677392882059354,-2.308277416008325
-1.4737915621656674,-1.7146431508225313,-1.3020965490638556,-1.092747174722558,-2.3418348870638397,-0.8441604015881878,-1.4603654342379617,0.5256003308242463,1.9081541602590943,-1.7070343720768082,-0.45024957934729554,-1.9262701262246078
-1.1632188296798813,-1.0212795355549136,-1.2427505986194116,-0.1500638977268767,-0.5846753341688771,-1.9418260742454885,1.204160972090951,1.1467643581619917,0.3624749789501266,-1.310745543884864,0.46724012951134436,-1.2539372962052653
-1.0229601762992042,-0.8961700805234895,-1.5823413150515075,-1.092747174722558,-1.4566492476355504,-0.004380037567240446,-1.4603654342379617,-0.7167277238512447,1.9081541602590943,-1.336419428260937,-1.0619093852530554,-1.1286389051562062
-2.0648816014128073,-1.1452197433430544,-1.2790175683354605,-1.092747174722558,-2.3418348870638397,-1.531854557951798,-1.4603654342379617,-0.09556369651349925,1.1353145696046105,-1.7409901546387094,-0.7560794823001755,-2.0607366922284758
-0.8025537209867115,-1.5369175698433104,-1.0625147491214704,-0.1500638977268767,-0.20814114426281394,-1.121883041658107,0.31598550331464675,-0.7167277238512447,1.1353145696046105,-1.2763756664136718,-0.45024957934729554,-0.8841542396946275
1.2111598025501562,0.5572042428789525,0.6178548477221402,-0.1500638977268767,0.406204112952342,0.551065242572599,0.31598550331464675,1.1467643581619917,1.1353145696046105,0.9307502001099024,0.46724012951134436,0.17324193842670113
0.7703468919251706,0.5045881169311567,0.07165230381679424,2.677985933260167,-0.04960043272341843,-0.004380037567240446,-0.5721899654616575,0.5256003308242463,-1.1832042023588412,0.5241089991856709,1.9963896442757443,0.25575551301998367
-1.9947522747224686,-1.7941519633658667,0.7420417440225503,-1.092747174722558,-0.04960043272341843,-0.004380037567240446,1.204160972090951,-1.3378917511889903,2.680993750913578,-1.18030564745805,-1.3677392882059354,-0.6610619824609372
-0.2815930084299094,0.44846424925350764,-0.020663619096785744,-0.1500638977268767,0.7695265768967892,0.5973523492509182,0.31598550331464675,-0.09556369651349925,-1.1832042023588412,0.034648816403145176,-0.14441967639441558,0.9128080514479769
-0.4218516618105873,0.011165780265163102,-1.0064657959239394,-1.092747174722558,-0.8489098534012023,1.6156686961739568,-0.5721899654616575,-0.7167277238512447,-0.4103646117043573,-0.5496391006071308,-1.0619093852530554,0.45134324538924697
0.5699773870956314,0.761822510453713,-0.20969146125316293,-0.1500638977268767,0.13536373073920901,0.6370270121180501,-0.5721899654616575,0.5256003308242463,0.3624749789501266,0.4263826005928829,0.1614102265584644,0.27103580461133236
-0.9027384734014806,-0.30803871715146364,-1.3020965490638556,-0.1500638977268767,-1.747307218791108,-1.5054047827070438,0.31598550331464675,-1.3378917511889903,1.1353145696046105,-0.9728440979030187,-0.7560794823001755,-1.7734672103111209
-1.7743458194099757,-1.2434365117789399,-2.012049956232575,-1.092747174722558,-1.5359196034052478,-0.004380037567240446,-1.4603654342379617,-1.3378917511889903,3.4538333415680618,-1.9318879078220808,-1.3677392882059354,-1.5320386031678117
0.05903514978030691,0.8132693891582239,0.7958926990554712,-0.1500638977268767,0.4722627427604233,1.6156686961739568,0.31598550331464675,0.5256003308242463,-0.4103646117043573,0.6123112148647566,0.1614102265584644,1.0625549090431943
0.40968178323199994,0.18538361951452997,0.7420417440225503,-0.1500638977268767,-0.016571117819377777,1.0536109722229292,0.31598550331464675,-1.3378917511889903,-0.4103646117043573,0.5145848162719668,-0.7560794823001755,0.576641636438306
-0.036140365013723905,1.5919880531855974,0.6046668587344854,-1.092747174722558,0.17499890862405743,-0.44080132910568554,-0.5721899654616575,-1.3378917511889903,-1.1832042023588412,0.7767068938534718,-1.3677392882059354,0.15796164683535246
1.0809196244109567,1.940423731684333,1.6772899630636968,0.7926193792688044,0.9280672884361847,1.9264535552998194,1.204160972090951,2.3890924128374826,-0.4103646117043573,1.7659796321508114,1.6905597413228641,1.4170576739624834
-0.036140365013723905,-0.36533183207239595,0.18375021021185478,-0.1500638977268767,-1.0536916058062544,-0.26887779001478285,-1.4603654342379617,-0.7167277238512447,1.1353145696046105,-0.0750863345590971,-0.45024957934729554,-0.8810981813763579
-0.036140365013723905,0.7980691749955263,1.317917263150118,0.7926193792688044,2.2822691995018514,-0.2292031271476514,1.204160972090951,1.1467643581619917,-1.1832042023588412,0.7642840465747264,1.0788999354171043,1.2306381165480298
0.4397372089564311,1.093888727546466,0.007910357043130756,1.7353026562644855,1.0535786850715394,0.9147496521879698,0.31598550331464675,0.5256003308242463,-0.4103646117043573,0.572144008663481,1.3847298383699842,1.0075458593143396
-0.021112652151508798,0.38766339260272215,0.5365289156316048,-0.1500638977268767,-0.5384342933032205,0.06174440054464515,-1.4603654342379617,0.5256003308242463,-0.4103646117043573,0.3307266765465504,0.1614102265584644,-0.12319571844546337
-0.036140365013723905,-0.3173926950977382,-1.5889353095453351,-0.1500638977268767,-0.3732877187830172,1.6156686961739568,-1.4603654342379617,-0.09556369651349925,0.3624749789501266,-0.7260435319652986,-0.14441967639441558,0.48801594520848435
-0.036140365013723905,1.5218332185885375,1.8421398254093746,0.7926193792688044,-0.04960043272341843,2.2306259706144926,0.31598550331464675,0.5256003308242463,-1.1832042023588412,1.2181320671581874,0.7730700324642243,1.2887032245951549
0.1091275259876915,-0.2682843108797955,1.1047114411830414,-1.092747174722558,0.9214614254553769,0.32624215299218756,0.31598550331464675,0.5256003308242463,-1.1832042023588412,0.3663388387456186,-0.45024957934729554,0.8577990017191223
-0.036140365013723905,-0.5348726823486264,-1.3603435004259952,-1.092747174722558,-0.7564277716698885,0.6502518997404274,-1.4603654342379617,-1.3378917511889903,1.1353145696046105,-0.7169334439608873,-1.3677392882059354,-0.31878345081472625
0.6501251890274471,0.1479677077294317,0.9277725889320139,-0.1500638977268767,-0.40631703368705785,0.8420127702648951,-0.5721899654616575,1.1467643581619917,-0.4103646117043573,0.6706985970748529,0.46724012951134436,0.29854032947576015
-2.0648816014128073,-2.519523721918393,-2.4362636020021196,-1.092747174722558,-0.04960043272341843,-1.346706131238518,-1.4603654342379617,-1.3378917511889903,1.9081541602590943,-2.663748898131106,-1.3677392882059354,-1.098078321973509
-1.2233296811287435,-0.5372111768351946,0.041979328594571104,-0.1500638977268767,-1.4566492476355504,-1.0293088283014673,-0.5721899654616575,-1.3378917511889903,2.680993750913578,-0.680078997033944,-0.7560794823001755,-1.7856914435841997
-0.036140365013723905,-1.7146431508225313,0.007910357043130756,-1.092747174722558,-1.086720920710295,-0.6854617501196619,-0.5721899654616575,-0.7167277238512447,1.1353145696046105,-0.6192070453680976,-1.0619093852530554,-1.0889101470187
-1.243366631611697,-1.1896511385878608,1.8410408263270697,-1.092747174722558,-1.7340954928294916,-0.9235097273224502,0.31598550331464675,-0.09556369651349925,1.9081541602590943,-0.2415524880942696,-0.7560794823001755,-1.6817854607630285
0.7803653671666474,1.673835360215502,1.7421309089196622,0.7926193792688044,0.23445167545133097,1.3842331627823572,0.31598550331464675,1.1467643581619917,-1.1832042023588412,1.5717691196931087,1.0788999354171043,1.0289382675422274
-1.243366631611697,-1.1382042598833482,-0.8548039225659162,-0.1500638977268767,-1.489678562539591,-1.617816327497249,-1.4603654342379617,-0.7167277238512447,1.1353145696046105,-1.2391071245774392,-0.45024957934729554,-1.7062339273091867
-0.7825167705037571,-0.5547498854844605,-0.9427238491502774,-1.092747174722558,-0.27419977407089524,-0.8507728453993759,-1.4603654342379617,-0.09556369651349925,-0.4103646117043573,-0.8751176993102308,-0.7560794823001755,-0.42268943363589745
0.3094970308172308,0.0719666369159486,-0.5316981923683878,-0.1500638977268767,0.9082496994937604,0.37252925967050765,1.204160972090951,-0.7167277238512447,-1.1832042023588412,-0.046927880727275786,-0.45024957934729554,0.873079293310471
-1.2333481563702202,0.14913695497271498,-0.9789908188663263,-0.1500638977268767,-1.3443495769618121,-0.5730502053294567,0.31598550331464675,-0.7167277238512447,1.1353145696046105,-0.8258404051045457,-0.45024957934729554,-1.1561434300206341
0.7803653671666474,0.12925975183688093,-0.23167144289925362,-0.1500638977268767,-0.5780694711880688,-0.08372936330150335,1.204160972090951,-0.09556369651349925,-0.4103646117043573,0.28103528743157424,-0.14441967639441558,-0.2087653513570159
0.29947855557575404,0.011165780265163102,0.06725630748757548,0.7926193792688044,0.624197591319011,0.7758883321530095,-0.5721899654616575,-0.09556369651349925,-1.1832042023588412,0.1530799604605094,0.46724012951134436,0.9280883430393256
0.008942773572922317,-0.4810873091575472,-0.31739337131900625,-0.1500638977268767,-0.11565906253149973,-0.7648110758539248,-0.5721899654616575,-0.09556369651349925,-1.1832042023588412,-0.2862747382977491,-0.14441967639441558,-0.12625177676373292
-0.38177776084467946,-0.8213382569532913,-1.1141677059897828,-1.092747174722558,-1.2782909471537307,-0.480475991972817,-1.4603654342379617,-0.09556369651349925,-0.4103646117043573,-0.8684921807615661,-0.7560794823001755,-0.716071032189792
0.35958940702461534,-0.7687221310054955,0.007910357043130756,-0.1500638977268767,-0.571463608207261,0.5113905797054671,0.31598550331464675,-0.09556369651349925,0.3624749789501266,-0.12063677458115878,-0.14441967639441558,-0.11402754349065425
-0.5520918399497876,-0.7523526695995145,-0.07011857780048943,-0.1500638977268767,-0.842303990420394,-0.3283897843154798,0.31598550331464675,-0.7167277238512447,0.3624749789501266,-0.5210665518660167,-0.45024957934729554,-0.6274453409599694
-1.2834405325776048,0.24969221789516863,-0.6437960987634483,-1.092747174722558,-0.4987991154183716,-0.12340402616863434,-0.5721899654616575,-0.7167277238512447,1.1353145696046105,-0.6846340410361498,-1.0619093852530554,-0.557155999639766
1.9425084951779743,1.5066330044258398,1.6849829566398276,2.677985933260167,1.7934353389220492,1.9264535552998194,1.204160972090951,3.0102564401752288,-1.1832042023588412,1.9713707071593844,3.219709256087264,2.0007648127520037
-0.3917962360861562,-0.3103772116380319,-0.5393911859445187,-1.092747174722558,-0.8621215793628187,-0.13662891379101166,0.31598550331464675,-0.09556369651349925,1.1353145696046105,-0.4751020169346639,-0.7560794823001755,-0.7313513237811406
-0.33168538463729397,-1.105465337071388,-0.45696625477167974,-0.1500638977268767,-0.9942388389789814,-0.13662891379101166,1.204160972090951,-0.7167277238512447,-0.4103646117043573,-0.7007837424985185,-0.45024957934729554,-0.425745491954167
0.11914600122916824,0.8565315371597436,0.15187923682502302,-0.1500638977268767,0.28729857929779584,-0.6920741939308506,1.204160972090951,0.5256003308242463,0.3624749789501266,0.40981880422122124,0.1614102265584644,-0.2729425760406802
1.421547782621173,1.9053463143858012,0.7420417440225503,1.7353026562644855,1.4499304639200272,2.276913077292813,1.204160972090951,-0.09556369651349925,-1.1832042023588412,1.5419542862241211,1.0788999354171043,2.0038208710702734
-0.036140365013723905,0.011165780265163102,0.8728226348167879,1.7353026562644855,-0.04960043272341843,0.43865369778239327,1.204160972090951,2.3890924128374826,-0.4103646117043573,0.3178897343585157,2.302219547228624,0.27714792124787235
0.19929380316098394,-0.09757421336028181,0.3409070789814002,0.7926193792688044,0.24105753843213873,-0.2887151214483483,0.31598550331464675,-0.09556369651349925,0.3624749789501266,0.17626927538082868,0.46724012951134436,-0.10791542685411425
0.2894600803342764,0.7267450931551813,1.1376814136521767,-1.092747174722558,0.41280997593315066,0.5709025740061645,1.204160972090951,0.5256003308242463,-0.4103646117043573,0.8056935375038753,-0.45024957934729554,0.5521931698921486
-0.6322396418816033,-0.7324754664636804,0.32442209274683337,-0.1500638977268767,-0.7564277716698885,0.59073990543973,-1.4603654342379617,-0.09556369651349925,-0.4103646117043573,-0.39849445871574146,-0.14441967639441558,0.020439022513214326
0.35958940702461534,-0.36533183207239595,-0.5338961905329964,0.7926193792688044,0.21463408650890678,-0.42096399767211956,1.204160972090951,-0.09556369651349925,-0.4103646117043573,-0.18192282115629815,0.46724012951134436,0.002102672603596081
0.4497556841979078,0.011165780265163102,0.9200795953558829,0.7926193792688044,1.2913897523806317,0.15431861390128537,0.31598550331464675,0.5256003308242463,-0.4103646117043573,0.5365318464644145,0.7730700324642243,0.7661172521710301
0.1892753279195072,0.618005099529738,-0.37893731992805957,0.7926193792688044,0.5118979206452726,-0.004380037567240446,1.204160972090951,1.1467643581619917,0.3624749789501266,0.1543222451883827,1.0788999354171043,0.1487934718805429
0.9206240205473253,0.3900018870892904,0.007910357043130756,0.7926193792688044,0.5647448244917375,0.03529462529989054,0.31598550331464675,0.5256003308242463,-1.1832042023588412,0.5216244297299226,0.7730700324642243,0.5583052865286877
1.3714554064137876,1.2985069951212262,0.23210616983325336,1.7353026562644855,1.753800161037201,1.701630465719408,0.31598550331464675,2.3890924128374826,-1.1832042023588412,1.114194244926026,2.302219547228624,1.8785224800212144
0.35958940702461534,0.37830941465644763,-0.376739321763451,-0.1500638977268767,-0.36668185580220897,-0.5532128738958908,-0.5721899654616575,-0.09556369651349925,-0.4103646117043573,0.14065711318176224,-0.14441967639441558,-0.3279516257695358
-0.036140365013723905,-1.4644242407596813,-1.1493356766235274,-0.1500638977268767,-1.027268153883022,-1.1020457102245416,-1.4603654342379617,-0.7167277238512447,1.9081541602590943,-0.966632674263647,-0.45024957934729554,-1.43730079530145
1.7621759408313893,1.4738940816138781,0.27716513220773825,1.7353026562644855,-0.04960043272341843,2.276913077292813,1.204160972090951,0.5256003308242463,-1.1832042023588412,1.3547833872243724,1.3847298383699842,1.3100956328230426
-0.6122026913986489,0.011165780265163102,0.05296931941761723,-1.092747174722558,-0.3931053077254414,-1.0557586035462214,0.31598550331464675,-0.7167277238512447,-0.4103646117043573,-0.22912964081552598,-1.0619093852530554,-0.5724362912311147
-2.0648816014128073,-1.370884461296934,-1.9406150158827806,-1.092747174722558,-1.284896810134539,-1.617816327497249,1.204160972090951,-0.7167277238512447,2.680993750913578,-2.0701956075254344,-1.0619093852530554,-1.9782231176351934
0.7503099414422163,2.1275032906098277,0.007910357043130756,0.7926193792688044,-0.04960043272341843,1.1726349608243232,1.204160972090951,-0.09556369651349925,-0.4103646117043573,1.0665733303575053,0.46724012951134436,0.6163703945758129
0.830457743374032,0.011165780265163102,1.4443021576151382,0.7926193792688044,-0.04960043272341843,1.3577833875376026,0.31598550331464675,-0.09556369651349925,-1.1832042023588412,0.8914111837272091,0.46724012951134436,0.88530352658355
-0.2014452064980937,0.7910536915358216,0.27936313037234844,-0.1500638977268767,0.9016438365129518,-0.004380037567240446,-0.5721899654616575,-0.7167277238512447,0.3624749789501266,0.30215412780543977,-0.45024957934729554,0.32910091265845753
-0.24151910746400154,0.384155650872869,-1.5142033719486276,-0.1500638977268767,-0.1354766514739244,-0.811098182532245,-0.5721899654616575,-1.3378917511889903,1.9081541602590943,-0.534317588963346,-0.7560794823001755,-0.8902663563311675
2.448441494872561,0.011165780265163102,2.41252034912542,-0.1500638977268767,1.139454903822045,0.5841274616285418,1.204160972090951,-0.09556369651349925,-1.1832042023588412,1.9249920773187388,-0.14441967639441558,1.0778352006345437
0.47981110992233894,1.0026874425702867,0.7772097146562942,0.7926193792688044,0.2278458124705232,-0.34822711574904575,1.204160972090951,0.5256003308242463,-1.1832042023588412,0.8462748386144402,0.7730700324642243,0.2251949298372863
0.6100512880615392,0.4285870461176736,0.5332319183846911,0.7926193792688044,-0.5978870601304935,-0.33500222812666847,0.31598550331464675,-0.09556369651349925,-1.1832042023588412,0.6048575064975079,0.46724012951134436,-0.15070024330989074
-0.7724982952622803,-1.3451610219446777,0.007910357043130756,-1.092747174722558,-1.6548251370597944,-0.46725110435043965,-1.4603654342379617,-0.7167277238512447,0.3624749789501266,-0.7927128123612258,-1.0619093852530554,-1.0675177387908117
0.05903514978030691,0.7244065986686131,0.8233676761130843,-0.1500638977268767,-0.06281215868503487,1.046998528411741,0.31598550331464675,-1.3378917511889903,-0.4103646117043573,0.591192374490891,-0.7560794823001755,0.5521931698921486
-0.43187013705206406,-0.09640496611699687,-0.3954223061626264,-1.092747174722558,-0.829092264458778,-0.811098182532245,-0.5721899654616575,-0.09556369651349925,0.3624749789501266,-0.36164001178879823,-0.7560794823001755,-0.8444254815571214
2.448441494872561,1.3593078517720134,2.18173054184147,1.7353026562644855,-0.04960043272341843,2.276913077292813,1.204160972090951,2.3890924128374826,-1.1832042023588412,2.3154835767806015,2.302219547228624,1.3100956328230426
-1.7543088689270223,-1.9683698026152343,-1.551569340746981,-0.1500638977268767,-0.7233984567658479,1.6156686961739568,-1.4603654342379617,-0.7167277238512447,1.1353145696046105,-2.0068390864038386,-0.45024957934729554,0.14268135524400377
-0.5721287904327411,-0.9663249151205495,-0.3097003777428738,-1.092747174722558,-0.5120108413799875,-0.5796626491406454,-0.5721899654616575,-0.09556369651349925,-0.4103646117043573,-0.695400508677729,-0.7560794823001755,-0.40740914204454876
-0.036140365013723905,-0.9698326568504028,-0.1998004695124219,-1.092747174722558,-1.8397893005224217,-1.4591176760287237,-1.4603654342379617,-0.09556369651349925,0.3624749789501266,-0.43369252600551506,-0.7560794823001755,-1.611496119442825
-0.021112652151508798,0.170183405351834,0.007910357043130756,-0.1500638977268767,0.37317479804830134,-0.5730502053294567,0.31598550331464675,0.5256003308242463,-0.4103646117043573,0.054525372049135656,0.1614102265584644,0.005158730921865644
-0.7825167705037571,-1.4422085431372789,0.1562752331542418,-1.092747174722558,-0.49219325243756334,-1.9087638551895456,1.204160972090951,-1.3378917511889903,0.3624749789501266,-0.7753208261709837,-1.3677392882059354,-1.1958721881581407
0.12916447647064588,-0.636597192514365,0.007910357043130756,-1.092747174722558,-0.2213528702244299,-0.3283897843154798,1.204160972090951,1.1467643581619917,-1.1832042023588412,-0.16908587896826166,-0.14441967639441558,0.026551139149753884
1.1510489511012956,0.5525272539058145,1.9069807712653402,-0.1500638977268767,0.37978066102911,0.8486252140760842,1.204160972090951,-0.7167277238512447,-1.1832042023588412,1.3899814545141496,-0.45024957934729554,0.8486308267643136
-2.0648816014128073,-1.997600983697343,-2.3670266598169345,-1.092747174722558,-2.3418348870638397,-0.004380037567240446,1.204160972090951,-1.3378917511889903,2.680993750913578,-2.452819303710758,-1.3677392882059354,-1.7215142189005355
1.141030475859817,-0.3209004368275914,0.007910357043130756,0.7926193792688044,0.4524451538179991,0.008844850055136862,0.31598550331464675,1.1467643581619917,0.3624749789501266,0.36095560492482903,1.0788999354171043,0.1274010636526551
0.5699773870956314,-0.8108150317637318,0.013405352454654601,-0.1500638977268767,-0.03638870676180198,-0.8639977330217533,0.31598550331464675,-1.3378917511889903,-0.4103646117043573,-0.04651378581798468,-0.7560794823001755,-0.31878345081472625
0.09910905074621476,0.6437285388819936,0.3573920652159686,-1.092747174722558,-0.6110987860921094,0.07496928816702246,0.31598550331464675,-0.7167277238512447,1.9081541602590943,0.4036073805818512,-1.0619093852530554,-0.7007907405984433
-0.036140365013723905,-2.068925065537688,-0.3470663465412278,-1.092747174722558,0.00985233410385418,-0.9367346149448276,-1.4603654342379617,-0.7167277238512447,1.9081541602590943,-0.8784304585845614,-1.0619093852530554,-0.8810981813763579
-0.036140365013723905,2.1976581252068876,2.0916126170925002,1.7353026562644855,1.5820477235361898,1.6156686961739568,1.204160972090951,0.5256003308242463,-1.1832042023588412,1.5514784691378272,1.3847298383699842,1.7593362056086945
2.3933398810444366,1.2073057101450473,2.0190786776604024,2.677985933260167,2.2822691995018514,1.6156686961739568,1.204160972090951,-0.09556369651349925,-1.1832042023588412,2.1775899719865395,1.6905597413228641,2.0832783873452865
1.9725639209024044,0.05092018653682958,1.4948561154011455,0.7926193792688044,1.8859174206533635,1.5561567018732594,-0.5721899654616575,1.1467643581619917,-0.4103646117043573,1.3966069730628126,1.0788999354171043,1.6890468642884902
0.1091275259876915,0.3935096288191436,-0.22617644748773133,-0.1500638977268767,-0.06941802166584263,0.32624215299218756,-0.5721899654616575,-0.09556369651349925,0.3624749789501266,0.09924762225261513,-0.14441967639441558,0.03266325578629344
0.08909057550473802,0.20526082265036402,-0.04813859615439872,-0.1500638977268767,0.8025558918008298,0.5709025740061645,1.204160972090951,-0.7167277238512447,-0.4103646117043573,0.09137981897607715,-0.45024957934729554,0.7325006106700632
0.40968178323199994,0.7325913293716044,0.01450435153695812,0.7926193792688044,-0.10244733656988375,-0.004380037567240446,0.31598550331464675,-0.09556369651349925,-1.1832042023588412,0.43425040386942093,0.46724012951134436,0.2313070464738263
0.2193307536439383,0.22046103681305998,0.5903798706645272,-0.1500638977268767,-0.3534701298405925,0.2799550463138675,-0.5721899654616575,-0.7167277238512447,-0.4103646117043573,0.3911845333031058,-0.45024957934729554,0.06322383896899081
-1.2734220573361281,-0.9476169592280004,-0.4426792667017215,-1.092747174722558,-1.185808865422417,-0.30194000907072566,0.31598550331464675,1.7679283854997374,-0.4103646117043573,-1.0287469106573686,0.1614102265584644,-0.5907726411407329
1.0608826739280015,0.9863179811643058,0.9552475659896268,-0.1500638977268767,0.8355852067048705,1.132960297957192,1.204160972090951,1.1467643581619917,-0.4103646117043573,1.1477359325786334,0.46724012951134436,1.0075458593143396
0.16923837743655373,0.011165780265163102,0.7530317348455949,1.7353026562644855,0.8421910696856791,1.2652091741809632,1.204160972090951,-0.09556369651349925,-0.4103646117043573,0.3576428456504967,1.0788999354171043,1.0717230839980039
2.448441494872561,1.6504504153498147,1.9377527455698667,1.7353026562644855,2.2822691995018514,1.8404917857543683,1.204160972090951,-0.09556369651349925,-1.1832042023588412,2.32666413933147,1.0788999354171043,2.1871843701664577
-0.3116484341543405,-0.621396978351669,0.22880917258633968,-0.1500638977268767,-0.20814114426281394,-0.9433470587560162,-0.5721899654616575,-0.09556369651349925,1.1353145696046105,-0.2626713284681369,-0.14441967639441558,-0.8016406651013449
1.3313815054478806,0.9968412063538654,0.007910357043130756,-0.1500638977268767,1.264966300457399,0.37914170348169585,1.204160972090951,-0.09556369651349925,-1.1832042023588412,0.9063186004617028,-0.14441967639441558,1.0411625008153056
-0.6522765923645568,-1.1218347984773673,-1.281215566500069,-1.092747174722558,-1.047085742825446,-0.9697968340007703,-1.4603654342379617,0.5256003308242463,1.1353145696046105,-1.1496626241704802,-0.45024957934729554,-1.20198430479468
0.4497556841979078,1.7568519144886898,0.8299616706069116,-0.1500638977268767,-0.04960043272341843,0.8750749893208378,1.204160972090951,1.1467643581619917,-0.4103646117043573,1.1208197634746888,0.46724012951134436,0.47884777025367475
-0.48196251325944867,0.4508027437400759,0.252987152397039,0.7926193792688044,-0.9215743461900918,-0.9896341654343358,0.31598550331464675,-1.3378917511889903,1.9081541602590943,0.055767656777010725,-0.14441967639441558,-1.3364508707985487
-1.243366631611697,-0.5921657972695603,-0.693251057467152,-0.1500638977268767,-0.44595221157190623,0.6965390064187466,-0.5721899654616575,-0.09556369651349925,-0.4103646117043573,-0.984852850272473,-0.14441967639441558,0.21297069656420806
1.9425084951779743,-0.2565918384469527,0.16616622489498284,-0.1500638977268767,1.5688359975745734,0.41220392253763866,0.31598550331464675,-0.09556369651349925,1.1353145696046105,0.7746364193070128,-0.14441967639441558,0.6469309777585103
-0.04114960263446317,-0.015726906330377308,0.6947847834834553,-1.092747174722558,1.0998197259371956,-1.0293088283014673,0.31598550331464675,-1.3378917511889903,-0.4103646117043573,0.23921170159313246,-1.3677392882059354,0.13045712197092466
-0.7023689685719414,-0.20631420698572506,-0.6339051070227073,-0.1500638977268767,-1.2716850841729226,-0.004380037567240446,-0.5721899654616575,-0.7167277238512447,1.9081541602590943,-0.6022291540871466,-0.45024957934729554,-1.0430692722446537
0.8805501195814175,0.11990577389060636,0.4969649486686421,0.7926193792688044,1.0205493701674988,1.3974580504047345,0.31598550331464675,1.1467643581619917,-1.1832042023588412,0.5936769439466376,1.0788999354171043,1.3987213240528662
-0.036140365013723905,0.2637231848145813,0.7420417440225503,-0.1500638977268767,1.2913897523806317,0.8287878826425178,1.204160972090951,0.5256003308242463,1.1353145696046105,0.35805694055978776,0.1614102265584644,0.7111082024421745
1.8723791684876352,2.0327942639037953,1.5926670337262476,1.7353026562644855,1.3772659711311372,-0.004380037567240446,1.204160972090951,1.1467643581619917,-1.1832042023588412,2.0939428003096596,1.6905597413228641,0.9158641097662474
-0.30162995891286376,0.3140008162758073,0.8343576669361303,0.7926193792688044,0.2542692643937552,-0.3283897843154798,-0.5721899654616575,-0.7167277238512447,-0.4103646117043573,0.3009118430775647,0.1614102265584644,0.06322383896899081
2.403358356285915,2.551501572205813,1.7135569327797457,1.7353026562644855,2.0774874470967997,-0.004380037567240446,1.204160972090951,1.7679283854997374,-1.1832042023588412,2.542666396390638,1.9963896442757443,1.2398062915028394
2.313192079112621,0.011165780265163102,2.5662428457627637,1.7353026562644855,2.117122624981648,-0.004380037567240446,1.204160972090951,2.3890924128374826,-1.1832042023588412,1.927010790001533,2.302219547228624,1.2581426414124575
-0.036140365013723905,1.0915502330598976,-0.09429655761118871,-1.092747174722558,-0.3468642668597843,0.7362136692858785,1.204160972090951,0.5256003308242463,-1.1832042023588412,0.33610991036734006,-0.45024957934729554,0.4605114203440565
-2.0648816014128073,-0.8154920207368699,-2.139533849779899,-0.1500638977268767,-0.8555157163820105,-0.004380037567240446,-1.4603654342379617,-1.3378917511889903,-0.4103646117043573,-1.9484517041937406,-0.7560794823001755,-0.300447100905108
1.281289129240495,0.882254976511999,1.4058371897344806,2.677985933260167,1.4433246009392187,1.747917572397728,1.204160972090951,-0.09556369651349925,-1.1832042023588412,1.3717612785053235,1.6905597413228641,1.7562801472904248
0.37962635750756973,0.011165780265163102,0.6519238192735806,-0.1500638977268767,0.4524451538179991,0.385754147292885,-1.4603654342379617,0.5256003308242463,-0.4103646117043573,0.40650604494689246,0.1614102265584644,0.4849598868902139
0.09910905074621476,-0.16539055347077364,-0.3206903685659199,-0.1500638977268767,-0.9281802091709,0.29979237774743295,-1.4603654342379617,-1.3378917511889903,-0.4103646117043573,-0.13844285568069375,-0.7560794823001755,-0.1934850597656672
-0.3617408103617251,-0.7266292302472591,0.0639593102406618,-0.1500638977268767,-0.45255807455271446,-0.3680644471826113,0.31598550331464675,-1.3378917511889903,-0.4103646117043573,-0.38275885216266553,-0.7560794823001755,-0.28211075099548977
-0.1513528302907091,0.30347759108624944,0.32552109182913685,0.7926193792688044,0.9082496994937604,0.3526919282369422,1.204160972090951,-0.09556369651349925,-1.1832042023588412,0.1675732822857085,0.46724012951134436,0.8639111183556623
-0.036140365013723905,-0.03443486222292643,0.009009356125435838,-0.1500638977268767,-0.17511182935877329,0.18738083295722818,1.204160972090951,-1.3378917511889903,-0.4103646117043573,-0.023738565806952966,-0.7560794823001755,0.10295259710649686
1.0308272482035712,1.0892117385733293,0.007910357043130756,-0.1500638977268767,0.30711616824022003,0.15431861390128537,0.31598550331464675,1.1467643581619917,-1.1832042023588412,0.8148036255082883,0.46724012951134436,0.49412806184502345
-1.553939364097483,-0.5103184902396558,-1.753785171891013,-0.1500638977268767,-1.0669033317678709,-0.6854617501196619,-0.5721899654616575,-1.3378917511889903,1.1353145696046105,-1.483837215968703,-0.7560794823001755,-1.0797419720638908
0.3696078822660921,1.3441076376093157,0.8618326439937433,-0.1500638977268767,0.28729857929779584,0.5047781358942789,1.204160972090951,0.5256003308242463,-1.1832042023588412,0.9535254201209324,0.1614102265584644,0.6469309777585103
1.351418455930834,0.8144386364015073,1.0420684934916846,-0.1500638977268767,1.4235070119967943,1.3114962808592834,1.204160972090951,0.5256003308242463,-0.4103646117043573,1.2396650024413425,0.1614102265584644,1.3620486242336287
-0.22148215698104806,-0.8646004049548126,0.21562118359868496,-0.1500638977268767,0.5977741393957782,0.10141906341177614,-1.4603654342379617,-0.09556369651349925,1.1353145696046105,-0.31650366667602764,-0.14441967639441558,0.05405566401418125
2.162914950490468,0.883424223755284,1.8860997887015545,0.7926193792688044,0.9280672884361847,2.257075745859247,1.204160972090951,-0.09556369651349925,-1.1832042023588412,1.917538368951492,0.46724012951134436,1.7532240889721544
-0.17138978077366346,0.38181715638630076,0.14748324049580583,0.7926193792688044,0.9743083293018417,0.9147496521879698,0.31598550331464675,0.5256003308242463,0.3624749789501266,0.11995236771718958,0.7730700324642243,0.7875096603989188
0.26942312985132294,1.2517371053898534,0.007910357043130756,0.7926193792688044,1.6415004903634625,1.298271393236906,1.204160972090951,1.7679283854997374,-0.4103646117043573,0.5576506868382801,1.3847298383699842,1.4567864320999904
1.7621759408313893,1.940423731684333,1.9740197152859158,0.7926193792688044,2.0114288172887185,1.2784340618033405,1.204160972090951,1.1467643581619917,-0.4103646117043573,2.1593697959777134,1.0788999354171043,1.6187575229682867
1.8323052675217282,-0.5945042917561286,1.346491239290036,0.7926193792688044,0.7034679470887079,0.6700892311739929,1.204160972090951,1.1467643581619917,-0.4103646117043573,1.0541504830787616,1.0788999354171043,0.7325006106700632
0.9807348719961857,-0.08354324644086913,-0.6811620675618023,-0.1500638977268767,0.016458197084662875,-0.34822711574904575,-1.4603654342379617,-0.7167277238512447,0.3624749789501266,0.1191241778986056,-0.45024957934729554,-0.23932593453971326
0.9506794462717555,0.8202848726179303,0.5123509358209054,1.7353026562644855,0.7298913990119408,1.0602234160341173,0.31598550331464675,0.5256003308242463,-1.1832042023588412,0.876503766992717,1.3847298383699842,1.1083957838172402
-0.17138978077366346,-0.8833083608473618,-0.6361031051873175,-1.092747174722558,-0.04960043272341843,-0.004380037567240446,1.204160972090951,-0.7167277238512447,0.3624749789501266,-0.6233479944610139,-1.0619093852530554,-0.11097148517238468
0.9907533472376643,1.4528476312347607,1.421223176886744,1.7353026562644855,-0.04960043272341843,2.276913077292813,1.204160972090951,1.1467643581619917,-0.4103646117043573,1.459549399275118,1.6905597413228641,1.1267321337268585
-0.33168538463729397,0.16667566362198083,0.19034420470568214,-1.092747174722558,0.30711616824022003,0.022069737677514172,-0.5721899654616575,1.1467643581619917,1.1353145696046105,-0.006346579616710853,-0.14441967639441558,-0.11708360180892381
0.48982958516381564,-0.564103863430735,-0.010772627356044697,0.7926193792688044,-0.2015352812820057,-0.8375479577769991,-0.5721899654616575,-0.09556369651349925,1.1353145696046105,-0.0013774407052141154,0.46724012951134436,-0.7496876736907593
-0.7424428695378492,-0.6097045059188245,-0.39322430799801783,-1.092747174722558,-1.6680368630214104,-1.5715292208189293,-0.5721899654616575,-1.3378917511889903,1.9081541602590943,-0.6709689090295328,-1.3677392882059354,-1.9507185927707655
0.37962635750756973,0.41806382092811406,-0.9185458693395782,-1.092747174722558,0.12215200477759258,-0.07711691949031424,0.31598550331464675,-0.7167277238512447,1.1353145696046105,-0.04113055199719685,-1.0619093852530554,-0.24849410949452283
-0.04114960263446317,0.8904397072149903,0.8915056192159649,0.7926193792688044,-0.04960043272341843,0.9808740902998554,0.31598550331464675,1.7679283854997374,-1.1832042023588412,0.6342582450572025,1.3847298383699842,0.7111082024421754
1.7521574655899126,0.011165780265163102,1.8410408263270697,1.7353026562644855,0.994125918244266,2.276913077292813,1.204160972090951,1.7679283854997374,-0.4103646117043573,1.4218667625295944,1.9963896442757443,1.6095893480134773
0.35958940702461534,0.4005251122788499,0.44311399363572124,0.7926193792688044,1.2913897523806317,0.7362136692858785,-1.4603654342379617,0.5256003308242463,-1.1832042023588412,0.4574397187897437,0.7730700324642243,1.2184138832749507
-0.5621103151912643,1.0237338929494058,0.6717058027550611,-1.092747174722558,0.7431031249735572,0.20721816439079366,0.31598550331464675,-0.7167277238512447,0.3624749789501266,0.38331673002656785,-1.0619093852530554,0.35354937920461577
2.3632844553200063,2.551501572205813,1.36957022001843,0.7926193792688044,1.3310249302654802,1.007323865544609,0.31598550331464675,2.3890924128374826,-1.1832042023588412,2.3964908934107454,1.6905597413228641,1.3620486242336278
-1.3635883345094206,1.7217744971901598,-0.9745948225371092,-0.1500638977268767,-0.21474700724362167,0.3064048215586221,-0.5721899654616575,-0.09556369651349925,-0.4103646117043573,-0.32105871067823505,-0.14441967639441558,0.13962529692573422
1.241215228274588,1.9322390009813417,1.043167492573988,0.7926193792688044,0.6109858653573946,2.0917646505795333,1.204160972090951,1.1467643581619917,-1.1832042023588412,1.5904033906112258,1.0788999354171043,1.5301318317384642
0.5198850108882468,0.011165780265163102,0.570597887183045,-0.1500638977268767,-0.45255807455271446,-1.10865815403573,-1.4603654342379617,-0.09556369651349925,-0.4103646117043573,0.4338363089601298,-0.14441967639441558,-0.6243892826416999
0.6000328128200625,0.45664897995649895,-0.06242558422435698,0.7926193792688044,0.6902562211270923,-0.004380037567240446,1.204160972090951,0.5256003308242463,-1.1832042023588412,0.3862153943916091,0.7730700324642243,0.5980340446661947
1.4415847331041265,0.33037027768178817,-0.11517754017497434,-0.1500638977268767,0.2939044422786045,-0.4275764414833082,0.31598550331464675,0.5256003308242463,0.3624749789501266,0.6694563123469797,0.1614102265584644,-0.14764418499162116
-0.922775423884435,-0.6786900932726013,0.45190598629415724,-1.092747174722558,-0.9149684832092836,-1.3797683502944609,-0.5721899654616575,-1.3378917511889903,0.3624749789501266,-0.45149860710504824,-1.3677392882059354,-1.1469752550658245
-0.036140365013723905,-0.22619141012155913,0.13429525150815108,-1.092747174722558,0.28069271631698806,-0.5994999805742108,-0.5721899654616575,-0.7167277238512447,0.3624749789501266,-0.04444331127152741,-1.0619093852530554,-0.2332138179031737
0.038998199297352536,0.12925975183688093,-0.14704851356180607,-0.1500638977268767,-0.0033593918577613287,0.551065242572599,1.204160972090951,0.5256003308242463,-0.4103646117043573,0.0064903625713238575,0.1614102265584644,0.3504933208863462
0.07907210026326039,0.011165780265163102,0.26177914505547495,-0.1500638977268767,-0.5648577452264528,0.18738083295722818,-0.5721899654616575,1.1467643581619917,-0.4103646117043573,0.13527387936097265,0.46724012951134436,-0.07735484367141689
0.35958940702461534,0.5034188696878718,1.2937392833394186,1.7353026562644855,1.185695944687702,1.6950180219082198,1.204160972090951,0.5256003308242463,-0.4103646117043573,0.8143895305989972,1.3847298383699842,1.4292819072355634
-0.07120502835889339,1.1675513038733807,-0.13276152549184628,-0.1500638977268767,1.7339825720947768,-0.38790177861617675,1.204160972090951,0.5256003308242463,-1.1832042023588412,0.3340394358208845,0.1614102265584644,0.9036398764931682
-0.1313158798077556,0.9021321796478331,0.5079549394916882,-0.1500638977268767,0.6175917283382023,0.6833141187963702,1.204160972090951,-0.09556369651349925,-1.1832042023588412,0.45661152897115975,-0.14441967639441558,0.8822474682652797
0.7302729909592628,0.07313588415923354,1.2146113494134934,1.7353026562644855,0.5317155095876969,0.8420127702648951,0.31598550331464675,-1.3378917511889903,-1.1832042023588412,0.7854028869485937,0.46724012951134436,0.9158641097662474
-0.24151910746400154,1.083365502356908,0.6299438376274898,-1.092747174722558,0.06930510093112772,-0.6656244186860965,1.204160972090951,-0.09556369651349925,0.3624749789501266,0.5212103348206315,-0.7560794823001755,-0.36156826727050273
-1.0630340772651121,0.011165780265163102,-1.432877439858093,-1.092747174722558,-0.1354766514739244,-0.3680644471826113,0.31598550331464675,-0.09556369651349925,0.3624749789501266,-0.9753286673587671,-0.7560794823001755,-0.31878345081472625
-0.38177776084467946,-0.0706815267647414,-0.8086459611091262,-0.1500638977268767,-1.641613411098178,0.7229887816635012,-0.5721899654616575,-0.09556369651349925,-0.4103646117043573,-0.4875248642134075,-0.14441967639441558,-0.3279516257695358
1.5117140597944654,0.015842769238299553,0.680497795413497,-0.1500638977268767,1.3244190672846725,-0.23581557095884007,1.204160972090951,3.0102564401752288,-0.4103646117043573,0.8868561397250052,1.3847298383699842,0.6010901029844642
-1.0530156020236354,-1.0037408269056494,-0.38223431717497325,-0.1500638977268767,-0.525222567341604,-0.8573852892105647,-0.5721899654616575,-0.7167277238512447,0.3624749789501266,-0.934747366248204,-0.45024957934729554,-0.7252392071446015
-2.0648816014128073,-2.519523721918393,-2.274710736903355,-1.092747174722558,-1.9520889711961602,-1.7831274227769631,-1.4603654342379617,-0.09556369651349925,-0.4103646117043573,-2.602876946465258,-0.7560794823001755,-1.6298324693524433
-0.036140365013723905,-1.729843364985228,-2.539569515738744,-1.092747174722558,-2.3418348870638397,-2.1864864952594654,-1.4603654342379617,-1.3378917511889903,1.9081541602590943,-1.5844622789265312,-1.3677392882059354,-2.5466499648333643
-0.12129740456627798,-0.1630520589842054,0.7299527541172007,-0.1500638977268767,0.8818262475705275,-0.32177734050429113,0.31598550331464675,1.1467643581619917,0.3624749789501266,0.1671591873764174,0.46724012951134436,0.17324193842670113
-1.203292730645789,-0.7324754664636804,-1.4240854471996571,-1.092747174722558,-0.842303990420394,0.31962970918099937,-0.5721899654616575,-0.09556369651349925,-0.4103646117043573,-1.2933535576946227,-0.7560794823001755,-0.14458812667335116
0.9606979215132323,0.7992384222388113,0.4090450220842809,1.7353026562644855,1.1328490408412364,0.24028038344673647,1.204160972090951,0.5256003308242463,-0.4103646117043573,0.8342660862449878,1.3847298383699842,0.7325006106700632
0.40968178323199994,0.041566208590555015,-0.007475630109131014,-0.1500638977268767,0.6770444951654759,0.43865369778239327,1.204160972090951,-0.7167277238512447,-0.4103646117043573,0.18123841429232718,-0.45024957934729554,0.6133143362575434
0.8004023176496018,-0.2530840967170995,1.4410051603682246,0.7926193792688044,0.12215200477759258,1.046998528411741,1.204160972090951,1.1467643581619917,1.1353145696046105,0.7841606022207187,1.0788999354171043,0.27103580461133236
-1.6441056412707755,0.04273545583383996,-0.7987549693683852,-1.092747174722558,-0.8753333053244347,-1.1747825921476158,-1.4603654342379617,-1.3378917511889903,1.1353145696046105,-0.9653903895357736,-1.3677392882059354,-1.217264596386029
1.912453069453544,1.4727248343705948,1.727843920849704,2.677985933260167,-0.04960043272341843,0.6767016749851811,0.31598550331464675,0.5256003308242463,-1.1832042023588412,1.9630888089735519,1.9963896442757443,0.5705295198017668
0.9106055453058477,1.673835360215502,1.8795057942077271,2.677985933260167,0.8554027956472956,1.6156686961739568,1.204160972090951,1.7679283854997374,-1.1832042023588412,1.6773633215624346,2.6080494501815044,1.4231697905990235
-1.6040317403048676,-1.3416532802148253,-2.432966604755206,-1.092747174722558,-0.04960043272341843,-1.7368403160986434,-1.4603654342379617,-1.3378917511889903,1.9081541602590943,-2.0548740958816496,-1.3677392882059354,-1.2783857627514237
1.6219172874507113,1.6714968657289322,0.5321329193023876,-0.1500638977268767,0.9743083293018417,1.6156686961739568,1.204160972090951,1.7679283854997374,-1.1832042023588412,1.4628621585494503,0.7730700324642243,1.4781788403278782
-2.0648816014128073,-2.519523721918393,-2.143929846109117,-1.092747174722558,-2.3418348870638397,-2.3517975905391793,-1.4603654342379617,-1.3378917511889903,1.9081541602590943,-2.553599652259572,-1.3677392882059354,-2.6230514227901076
1.5217325350359423,1.2868145226883834,1.5245290906233686,1.7353026562644855,1.674529805267503,1.708242909530597,1.204160972090951,1.1467643581619917,-1.1832042023588412,1.6591431455536085,1.6905597413228641,1.8449058385202466
-1.1131264534724967,-1.2925448959968826,-1.5647573297346358,-1.092747174722558,-1.4500433846547423,-2.2592233771825394,0.31598550331464675,-0.7167277238512447,1.9081541602590943,-1.5074406257983168,-1.0619093852530554,-2.1676987333679167
1.1510489511012956,1.6410964374035402,1.5695880529978534,1.7353026562644855,0.6836503581462836,2.15127664488023,1.204160972090951,1.1467643581619917,-1.1832042023588412,1.648376677912033,1.6905597413228641,1.5912529981038581
1.5517879607603724,0.7127141262357704,-0.35695733828196885,0.7926193792688044,0.9016438365129518,0.028682181488702354,1.204160972090951,0.5256003308242463,-0.4103646117043573,0.7593149076632297,0.7730700324642243,0.5277447033459903
0.5499404366126779,0.7419453073178789,0.009009356125435838,-0.1500638977268767,-0.04960043272341843,0.8089505512089523,1.204160972090951,1.1467643581619917,-0.4103646117043573,0.49346597589810126,0.46724012951134436,0.4482871870709774
0.6901990899933549,0.847177559213469,0.7750117164916857,-0.1500638977268767,0.3863865240099178,-0.03744225662318325,1.204160972090951,-0.7167277238512447,-1.1832042023588412,0.877331956811301,-0.45024957934729554,0.44217507043443827
-0.8326091467111417,0.6881599341267981,-1.1317516913066545,1.7353026562644855,-0.44595221157190623,-0.7515861882315475,-0.5721899654616575,-0.09556369651349925,-0.4103646117043573,-0.5268638805960975,1.0788999354171043,-0.4563060751368644
-0.036140365013723905,0.5700659625550804,0.5090539385739917,0.7926193792688044,1.264966300457399,0.20721816439079366,1.204160972090951,1.7679283854997374,-0.4103646117043573,0.3787616860243622,1.3847298383699842,0.7783414854441093
-0.9929047505747731,-0.6097045059188245,-0.006376631026827494,-1.092747174722558,-0.49219325243756334,-0.7185239691756048,1.204160972090951,-1.3378917511889903,0.3624749789501266,-0.6287312282818017,-1.3677392882059354,-0.6457816908695881
-1.8945675223076994,-1.7742747602300326,-1.1075737114959554,-1.092747174722558,-0.7366101827274644,-1.4855674512734778,1.204160972090951,-1.3378917511889903,-0.4103646117043573,-1.8287782754085014,-1.3677392882059354,-0.9299951144686734
-1.6441056412707755,-1.5170403667074772,-1.4812333994794917,-0.1500638977268767,-1.549131329366864,-0.7581986320427362,0.31598550331464675,-1.3378917511889903,-0.4103646117043573,-1.7749459372006107,-0.7560794823001755,-0.9697238726061804
1.4415847331041265,-0.7885993341413295,-0.9438228482325826,-1.092747174722558,-0.47237566349513915,-1.7897398665881517,0.31598550331464675,-0.7167277238512447,-0.4103646117043573,-0.039060077450737814,-1.0619093852530554,-0.9483314643782922
-0.14133435504923236,0.8389928285104794,0.11671126619127915,-1.092747174722558,-0.5384342933032205,-0.017604925189617756,-0.5721899654616575,-0.7167277238512447,0.3624749789501266,0.2826916670687404,-1.0619093852530554,-0.3432319173608845
-1.2533851068531745,-1.335807043998403,-1.3394625178622088,-1.092747174722558,-1.1131443726335275,-0.7383613006091707,-1.4603654342379617,-0.7167277238512447,0.3624749789501266,-1.4958459683381555,-1.0619093852530554,-0.9422193477417526
-1.6441056412707755,0.011165780265163102,-0.9372288537387552,-0.1500638977268767,-0.8621215793628187,-1.8558643047000374,-1.4603654342379617,-0.7167277238512447,-0.4103646117043573,-1.0287469106573686,-0.45024957934729554,-1.1591994883389036
0.2894600803342764,0.6413900443954254,0.4870739569279026,2.677985933260167,0.05609337496951128,2.071927319145968,0.31598550331464675,2.3890924128374826,-0.4103646117043573,0.5303204228250428,2.9138793531343845,1.0808912589528126
1.952526970419451,1.6165422452945681,1.7794968777180162,0.7926193792688044,1.9651877764230612,1.9661282181669504,0.31598550331464675,1.7679283854997374,-0.4103646117043573,2.050048739924764,1.3847298383699842,1.9151951798404507
-0.7324243942963725,0.011165780265163102,0.14088924600197847,-0.1500638977268767,-0.17511182935877329,0.12125639484534258,0.31598550331464675,-0.09556369651349925,1.1353145696046105,-0.24569343718718414,-0.14441967639441558,-0.29433498426856886
0.14920142695359936,0.312831569032524,-0.6207171180350541,-0.1500638977268767,1.0073376442058823,-0.14985380141338897,0.31598550331464675,-1.3378917511889903,0.3624749789501266,-0.061421202552478425,-0.7560794823001755,0.3107645627488393
-0.036140365013723905,1.347615379339169,0.40245102759045354,0.7926193792688044,1.0469728220907308,0.7758883321530095,0.31598550331464675,0.5256003308242463,-0.4103646117043573,0.613967594501921,0.7730700324642243,0.9403125763124047
-1.0129417010577275,-1.3229453243222753,-1.4229864481173529,-1.092747174722558,-0.6573398269577666,-1.5054047827070438,-1.4603654342379617,-1.3378917511889903,1.9081541602590943,-1.4233793592121466,-1.3677392882059354,-1.4525810868927986
1.141030475859817,2.4619080021891504,1.43001516954518,0.7926193792688044,-0.04960043272341843,1.4834198199501856,1.204160972090951,-0.09556369651349925,-1.1832042023588412,1.8823403016617148,0.46724012951134436,0.9433686346306743
-1.2333481563702202,-1.8233831444479753,-0.9339318564918415,-1.092747174722558,-1.2518674952304982,-1.168170148336427,-0.5721899654616575,-1.3378917511889903,1.9081541602590943,-1.5074406257983168,-1.3677392882059354,-1.571767361305318
-0.6923504933304646,-0.6038582697024032,0.007910357043130756,-0.1500638977268767,-0.04960043272341843,-0.6590119748749078,-1.4603654342379617,1.1467643581619917,-0.4103646117043573,-0.4970490471271117,0.46724012951134436,-0.2301577595849037
-0.8927199981600039,-0.22151442114842268,-0.4888372281585115,0.7926193792688044,-0.2015352812820057,0.21383060820198185,0.31598550331464675,-0.7167277238512447,-0.4103646117043573,-0.631629892646843,0.1614102265584644,0.10295259710649686
0.37962635750756973,0.24267673443546228,0.3562930661336635,-0.1500638977268767,-0.08262974762745907,-0.030829812811995063,-0.5721899654616575,-0.09556369651349925,-0.4103646117043573,0.3771053063871961,-0.14441967639441558,0.044887489059372565
-0.036140365013723905,-0.42262494699333,-1.0031687986770257,-1.092747174722558,-0.7564277716698885,-1.366543462672084,-1.4603654342379617,-1.3378917511889903,0.3624749789501266,-0.5425994871491752,-1.3677392882059354,-1.0675177387908117
-0.036140365013723905,0.5314808035266955,0.5266379238908653,0.7926193792688044,-0.04960043272341843,0.8618501016984605,1.204160972090951,0.5256003308242463,-1.1832042023588412,0.3717220725664082,0.7730700324642243,0.6560991527133199
1.4415847331041265,0.25904619584144317,-0.04044560257826784,-0.1500638977268767,-0.38649944474463316,0.18738083295722818,-0.5721899654616575,0.5256003308242463,0.3624749789501266,0.6723549767120192,0.1614102265584644,-0.17820476817431855
-2.0648816014128073,-1.9847392640212154,1.8410408263270697,-1.092747174722558,-0.7630336346506967,-1.4128305693504035,-1.4603654342379617,-0.09556369651349925,-0.4103646117043573,-0.8626948520314854,-0.7560794823001755,-0.9086027062407857
-0.7324243942963725,-1.1580814630191822,0.007910357043130756,-0.1500638977268767,-0.8621215793628187,-0.3680644471826113,-0.5721899654616575,-1.3378917511889903,-0.4103646117043573,-0.7098938305029315,-0.7560794823001755,-0.471586366728213
0.1592199021950761,-0.2682843108797955,0.133196252425846,-1.092747174722558,0.10233441583516838,0.7758883321530095,-0.5721899654616575,-0.09556369651349925,0.3624749789501266,0.020983684396524736,-0.7560794823001755,0.31993273770364883
-1.383625284992375,-1.17094318269531,-1.7021322150227007,-1.092747174722558,-1.4566492476355504,-1.1615577045252385,-1.4603654342379617,-1.3378917511889903,1.1353145696046105,-1.6279422444021365,-1.3677392882059354,-1.480085611757226
-0.1012604540833245,0.011165780265163102,0.023296344195394086,-1.092747174722558,0.09572855285436062,0.21383060820198185,-0.5721899654616575,-0.09556369651349925,0.3624749789501266,-0.02912179962774257,-0.7560794823001755,0.057111722332450814
1.110975050135387,0.64840552785513,1.561895059421721,1.7353026562644855,1.284783889399824,1.873554004810311,1.204160972090951,-0.09556369651349925,-1.1832042023588412,1.2773476391868661,1.0788999354171043,1.7409998556990762
-0.3917962360861562,-0.8564156742518213,-0.6602810849980167,-0.1500638977268767,0.10894027881597614,0.002232406243947738,-0.5721899654616575,-1.3378917511889903,-1.1832042023588412,-0.7140347795958462,-0.7560794823001755,0.3321569709767271
-1.1932742554043123,-1.2656522094013423,0.007910357043130756,-1.092747174722558,-0.7564277716698885,-0.004380037567240446,1.204160972090951,-1.3378917511889903,1.9081541602590943,-0.9384742204318274,-1.3677392882059354,-0.8046967234196145
-1.4637730869241905,-1.0236180300414834,-0.9097538766811422,-1.092747174722558,-1.1065385096527192,-0.8243230701546218,0.31598550331464675,-1.3378917511889903,1.9081541602590943,-1.3103314489755729,-1.3677392882059354,-1.3456190457533574
-0.036140365013723905,0.011165780265163102,-0.7921609748745578,-0.1500638977268767,-0.6903691418618072,-1.5252421141406094,-1.4603654342379617,-0.09556369651349925,1.1353145696046105,-0.30946405321807186,-0.14441967639441558,-1.2936660543427723
-0.036140365013723905,1.2341983967405876,1.6586069786645197,1.7353026562644855,1.8396763797877065,-0.004380037567240446,0.31598550331464675,1.1467643581619917,-0.4103646117043573,1.0471108696208058,1.6905597413228641,0.9464246929489448
-1.2634035820946514,-0.60035052797255,-0.8020519666152989,-0.1500638977268767,-1.4236199327315098,-0.20275335190289726,-1.4603654342379617,-0.7167277238512447,-0.4103646117043573,-1.0370288088431994,-0.45024957934729554,-0.6549498658243972
-1.513865463131575,0.011165780265163102,-0.40641229698567255,-0.1500638977268767,-1.4500433846547423,-1.7170029846650774,-1.4603654342379617,-0.09556369651349925,0.3624749789501266,-0.7749067312616926,-0.14441967639441558,-1.5503749530774302
-0.5420733647083109,0.1549831911891364,-0.30200738416674294,-0.1500638977268767,-0.016571117819377777,-1.5252421141406094,0.31598550331464675,-1.3378917511889903,0.3624749789501266,-0.28296197902341846,-0.7560794823001755,-0.798584606783075
0.4497556841979078,-0.351300865152985,0.7618237275040325,-1.092747174722558,1.2913897523806317,0.24689282725792466,1.204160972090951,-0.7167277238512447,-1.1832042023588412,0.34853275764608543,-1.0619093852530554,0.9922655677229908
-2.0648816014128073,-2.519523721918393,-2.052712922277842,-1.092747174722558,-2.3418348870638397,1.6156686961739568,-1.4603654342379617,-1.3378917511889903,1.9081541602590943,-2.5192297747883803,-1.3677392882059354,-0.7894164318282658
1.1811043768257259,2.3297830636980197,1.7718038841418853,-0.1500638977268767,1.9850053653654856,1.866941560999122,1.204160972090951,2.3890924128374826,-0.4103646117043573,1.9808948900730885,1.0788999354171043,1.8785224800212144
-0.036140365013723905,-0.3197311895843064,-1.1438406812120043,-1.092747174722558,-0.6177046490729177,-0.8441604015881878,-1.4603654342379617,-0.7167277238512447,0.3624749789501266,-0.5591632835208332,-1.0619093852530554,-0.761911906963838
-0.501999463742403,0.011165780265163102,-0.7075380455371103,-0.1500638977268767,-0.08923561060826778,-0.4275764414833082,1.204160972090951,-0.09556369651349925,0.3624749789501266,-0.47013287802316545,-0.14441967639441558,-0.32489556745126624
-0.7224059190548958,0.0006425550756035947,0.4453119918003298,-0.1500638977268767,0.7563148509351736,0.11464395103415345,1.204160972090951,-0.09556369651349925,-0.4103646117043573,-0.130575052404154,-0.14441967639441558,0.5002401784815625
-1.133163403955451,1.7217744971901598,-0.28881939517908817,-1.092747174722558,0.9743083293018417,-0.09034180711269155,-1.4603654342379617,0.5256003308242463,-0.4103646117043573,0.03257834185668791,-0.45024957934729554,0.5063522951181025
-0.036140365013723905,1.010872173273278,0.7420417440225503,0.7926193792688044,0.7563148509351736,1.4040704942159228,1.204160972090951,0.5256003308242463,-0.4103646117043573,0.6226635875970429,0.7730700324642243,1.0961715505441612
1.221178277791633,0.582927682231208,0.5167469321501242,1.7353026562644855,0.19481649756648256,0.7494385569082558,1.204160972090951,0.5256003308242463,-1.1832042023588412,0.9059045055524116,1.3847298383699842,0.7172203190787145
2.233044277180805,2.030455769417227,2.5662428457627637,1.7353026562644855,1.9585819134422526,1.8867788924326874,1.204160972090951,2.3890924128374826,-1.1832042023588412,2.609025105604595,2.302219547228624,2.0588299207991283
0.3094970308172308,1.2938300061480899,0.007910357043130756,-0.1500638977268767,-0.6243105120537259,0.3394670406145649,1.204160972090951,1.7679283854997374,-1.1832042023588412,0.5891218999444338,0.7730700324642243,0.14879347188054334
-0.7524613447793269,-0.835369223872704,-0.321789367648225,-0.1500638977268767,-1.3707730288850444,-1.1483328169028613,-0.5721899654616575,-0.09556369651349925,0.3624749789501266,-0.7281140065117576,-0.14441967639441558,-1.2508812378869958
-0.40181471132763297,0.011165780265163102,-2.0230399470556195,-1.092747174722558,-0.3534701298405925,-0.5267630986511366,0.31598550331464675,-0.7167277238512447,-0.4103646117043573,-0.9243949935159159,-1.0619093852530554,-0.3096152758599171
-0.291611483671387,-0.10575894406327144,0.0375833322653539,-0.1500638977268767,-0.8026688125355457,0.041907069111079664,-0.5721899654616575,-0.7167277238512447,0.3624749789501266,-0.1438260895014816,-0.45024957934729554,-0.43796972522724614
-0.036140365013723905,0.011165780265163102,2.5662428457627637,2.677985933260167,2.1765753918089215,-0.004380037567240446,0.31598550331464675,3.631420467512974,-1.1832042023588412,0.9559582277130194,3.5255391590401444,1.2856471662768854
-0.6522765923645568,-1.0715571670161412,-1.520797366442455,-1.092747174722558,-1.185808865422417,-0.870610176832942,-0.5721899654616575,-0.7167277238512447,-1.1832042023588412,-1.22212923329649,-1.0619093852530554,-0.6702301574157459
2.3933398810444366,1.137150875547987,2.3586693940924977,0.7926193792688044,2.1369402139240723,1.4900322637613739,1.204160972090951,3.0102564401752288,-1.1832042023588412,2.2806996044001155,1.9963896442757443,1.9579799962962265
-1.7843642946514526,-1.1697739354520267,-0.9680008280432818,-1.092747174722558,-2.3418348870638397,-0.8904475082665074,1.204160972090951,-1.3378917511889903,-0.4103646117043573,-1.516550713802729,-1.3677392882059354,-1.3975720371639435
-0.036140365013723905,0.36544769498031987,0.8805156283929203,0.7926193792688044,0.2278458124705232,1.0536109722229292,1.204160972090951,-0.09556369651349925,-0.4103646117043573,0.4462591562388734,0.46724012951134436,0.6897157942142867
-0.036140365013723905,0.5782506932580699,-0.36355133277579627,-0.1500638977268767,0.10894027881597614,-0.38790177861617675,-0.5721899654616575,0.5256003308242463,-1.1832042023588412,0.05286899241196949,0.1614102265584644,0.1518495301988129
-0.036140365013723905,-0.36767032655896587,-0.22287945024081765,-0.1500638977268767,-0.16850596637796506,-0.05727958805674874,1.204160972090951,-0.09556369651349925,-0.4103646117043573,-0.22912964081552598,-0.14441967639441558,-0.007065502351213475
-0.48196251325944867,-1.2399287700490869,-0.5756581556605677,-1.092747174722558,-1.7340954928294916,-0.8573852892105647,0.31598550331464675,0.5256003308242463,0.3624749789501266,-0.8552411436642385,-0.45024957934729554,-1.2844978793879627
-0.6622950676060335,0.3864941453594372,0.1266022579320202,-0.1500638977268767,0.4458392908371913,-0.46725110435043965,-0.5721899654616575,-0.7167277238512447,-0.4103646117043573,-0.08916556147500689,-0.45024957934729554,0.08767230551514818
0.29947855557575404,0.3256932887086517,-0.2800274025206522,-0.1500638977268767,1.1064255889180044,0.8287878826425178,-0.5721899654616575,-0.7167277238512447,0.3624749789501266,0.13361749972380826,-0.45024957934729554,0.8089020686268067
0.34957093178313864,0.11873652664732308,-0.2129884585000766,0.7926193792688044,1.0998197259371956,0.6965390064187466,1.204160972090951,0.5256003308242463,-1.1832042023588412,0.10628723571056913,0.7730700324642243,1.1114518421355097
-0.4418886122935408,-1.4726089714626718,1.8410408263270697,-0.1500638977268767,-0.4987991154183716,-1.121883041658107,0.31598550331464675,-0.7167277238512447,-0.4103646117043573,-0.010487528709627155,-0.45024957934729554,-0.6518938075061277
0.7703468919251706,0.011165780265163102,-0.2371664383107759,-0.1500638977268767,0.5647448244917375,1.6156686961739568,-0.5721899654616575,0.5256003308242463,-1.1832042023588412,0.23300027795376244,0.1614102265584644,1.2887032245951549
0.47981110992233894,1.368661829718288,0.18594820837646336,0.7926193792688044,-0.6177046490729177,0.7758883321530095,0.31598550331464675,-0.09556369651349925,0.3624749789501266,0.7531034840238578,0.46724012951134436,-0.0131776189877526
-0.1012604540833245,-0.47524107294112583,-0.3954223061626264,-0.1500638977268767,-0.9347860721517083,0.37914170348169585,0.31598550331464675,0.5256003308242463,-0.4103646117043573,-0.35915544233304986,0.1614102265584644,-0.1598684182647003
0.3996633079905232,0.27658490449070905,-0.508619211639992,-1.092747174722558,0.6638327692038595,-0.2292031271476514,-0.5721899654616575,-0.09556369651349925,-0.4103646117043573,0.07150326333008668,-0.7560794823001755,0.29854032947576015
0.930642495788802,0.9477328221359227,0.5288359220554739,-0.1500638977268767,0.9016438365129518,0.13448128246771895,1.204160972090951,0.5256003308242463,-1.1832042023588412,0.9195696375590321,0.1614102265584644,0.7600051355344901
-1.093089502989543,-0.4050862383440641,-0.1415535181502838,-0.1500638977268767,-0.9678153870557489,-0.870610176832942,-1.4603654342379617,-0.7167277238512447,0.3624749789501266,-0.648607783927794,-0.45024957934729554,-0.9361072311052134
0.7503099414422163,-0.15720582276778236,-0.15913750346715572,-0.1500638977268767,0.35335720910587715,-0.460638660539251,1.204160972090951,-0.7167277238512447,-0.4103646117043573,0.19448945138965476,-0.45024957934729554,0.04794354737764213
-1.2934590078190824,-1.9520003412092535,-1.4361744371050067,-1.092747174722558,-1.7142779038870675,-2.3517975905391793,-1.4603654342379617,-0.09556369651349925,1.1353145696046105,-1.7670781339240726,-0.7560794823001755,-2.1493623834582984
-0.6122026913986489,-1.28085242356404,-1.0548217555453387,0.7926193792688044,-0.8092746755163533,-1.3268687998049524,0.31598550331464675,-0.7167277238512447,0.3624749789501266,-1.1041121841484176,0.1614102265584644,-1.0736298554273511
-0.036140365013723905,-0.5220109626724987,1.3706692191007352,-0.1500638977268767,-0.3270466779173601,0.022069737677514172,-0.5721899654616575,-1.3378917511889903,0.3624749789501266,0.3166474496306407,-0.7560794823001755,-0.22710170126663415
1.351418455930834,0.011165780265163102,1.1783443796974444,2.677985933260167,1.6084711754594219,-0.004380037567240446,1.204160972090951,3.0102564401752288,-1.1832042023588412,1.006529568510241,3.219709256087264,1.0228261509056882
1.8623606932461585,1.7743906231379556,1.3453922402077307,1.7353026562644855,1.0073376442058823,0.6039647930621073,1.204160972090951,1.7679283854997374,-1.1832042023588412,1.9051155216727467,1.9963896442757443,1.0258822092239577
-0.036140365013723905,-0.45185612807543857,-0.9570108372202357,-1.092747174722558,-1.1065385096527192,-0.004380037567240446,-0.5721899654616575,0.5256003308242463,0.3624749789501266,-0.5355598736912194,-0.45024957934729554,-0.5999408160955421
0.4197002584734776,0.777022724616409,-0.3075023795782652,-0.1500638977268767,-0.4591639375335227,-1.0755959349797874,1.204160972090951,-0.09556369651349925,-1.1832042023588412,0.33279715109300945,-0.14441967639441558,-0.428801550272437
-0.031131127392985538,-2.0092934561301856,0.1749582175534188,-0.1500638977268767,0.43923342785638264,0.425428810160016,-0.5721899654616575,-0.7167277238512447,0.3624749789501266,-0.6585460617507892,-0.45024957934729554,0.31382062106710884
0.6100512880615392,-0.1303131361722436,0.4760839661048565,0.7926193792688044,-0.7564277716698885,-0.7383613006091707,0.31598550331464675,-0.7167277238512447,-0.4103646117043573,0.3853872045730251,0.1614102265584644,-0.5938286994590025
-0.011094176910032056,-0.37585505726195545,0.9321685852612326,-0.1500638977268767,-0.12887078849311617,0.041907069111079664,0.31598550331464675,-0.09556369651349925,-1.1832042023588412,0.21353781721706305,-0.14441967639441558,0.24047522142863498
-0.5320548894668332,-0.36650107931568093,-0.43059027679637185,-0.1500638977268767,-0.4129228966678656,-1.4062181255392154,1.204160972090951,-1.3378917511889903,1.9081541602590943,-0.5119564638616054,-0.7560794823001755,-1.2936660543427723
1.241215228274588,-0.13849786687523324,0.8871096228867461,-0.1500638977268767,0.6770444951654759,0.8155629950201414,1.204160972090951,-0.09556369651349925,-1.1832042023588412,0.7982398291366285,-0.14441967639441558,0.970873159495103
-1.6541241165122522,-1.0014023324190813,-1.6416872654959516,-1.092747174722558,0.00985233410385418,-1.4326679007839696,0.31598550331464675,-1.3378917511889903,0.3624749789501266,-1.6569288880525392,-1.3677392882059354,-0.7435755570542197
1.241215228274588,1.420108708422799,1.5662910557509397,1.7353026562644855,1.0866079999755802,1.4768073761389975,0.31598550331464675,1.7679283854997374,-0.4103646117043573,1.6061389971643019,1.9963896442757443,1.2825911079586159
0.35958940702461534,0.22396877854291317,0.007910357043130756,0.7926193792688044,0.10233441583516838,-0.004380037567240446,1.204160972090951,0.5256003308242463,-1.1832042023588412,0.2309298034073034,0.7730700324642243,0.32604485434018793
1.241215228274588,0.35843221152061355,0.8827136265575289,1.7353026562644855,0.9214614254553769,0.36591681585931857,1.204160972090951,1.7679283854997374,-1.1832042023588412,0.9725737859483407,1.9963896442757443,0.8761353516287405
-0.021112652151508798,0.4075405957385562,0.007910357043130756,-1.092747174722558,-0.14208251445473263,-0.7119115253644166,0.31598550331464675,0.5256003308242463,0.3624749789501266,0.13858663863530676,-0.45024957934729554,-0.4807545416830226
0.8104207928910785,0.9079784158642562,0.10901827261514671,-0.1500638977268767,0.5845624134341617,0.14770617009009626,-0.5721899654616575,-0.09556369651349925,-1.1832042023588412,0.6976147661788009,-0.14441967639441558,0.6194264528940825
0.9206240205473253,0.9091476631075395,0.4947669505040335,1.7353026562644855,-0.04960043272341843,1.2321469551250206,0.31598550331464675,-0.09556369651349925,-0.4103646117043573,0.8889266142714625,1.0788999354171043,0.6438749194402407
0.35958940702461534,0.039227714103986795,0.16616622489498284,-0.1500638977268767,0.16178718266244194,-0.5994999805742108,-0.5721899654616575,-0.09556369651349925,0.3624749789501266,0.22513247467722444,-0.14441967639441558,-0.28822286763202887
0.5699773870956314,0.49523413898488217,0.007910357043130756,-0.1500638977268767,-0.27419977407089524,-0.30194000907072566,0.31598550331464675,-0.7167277238512447,-1.1832042023588412,0.41395975331413754,-0.45024957934729554,0.014326905876674765
1.9926008713853598,0.7641610049402813,1.9839107070266568,0.7926193792688044,1.1989076706493176,1.3048838370480942,1.204160972090951,1.7679283854997374,-1.1832042023588412,1.8417590005511517,1.3847298383699842,1.4384500821903712
-0.036140365013723905,1.0436110960852398,0.4332230018949802,-0.1500638977268767,-0.04960043272341843,0.18076838914603904,1.204160972090951,1.1467643581619917,-0.4103646117043573,0.5178975755462973,0.46724012951134436,0.15796164683535246
-0.1313158798077556,-0.956970937174275,0.7024777770595877,0.7926193792688044,1.159272492764469,-0.004380037567240446,0.31598550331464675,0.5256003308242463,1.1353145696046105,-0.1285045778576985,0.7730700324642243,0.2649236879747932
0.7603284166836939,-0.4682255894814195,-0.6624790831626254,-0.1500638977268767,0.10233441583516838,0.9808740902998554,-0.5721899654616575,-0.09556369651349925,-0.4103646117043573,-0.1011743138444594,-0.14441967639441558,0.5980340446661947
-0.011094176910032056,0.3958481233057118,1.356382231030777,2.677985933260167,0.5449272355493133,0.5378403549502216,0.31598550331464675,-0.7167277238512447,-0.4103646117043573,0.646681092335948,1.3847298383699842,0.5980340446661947
-0.7724982952622803,0.11405953767418496,-0.09759355485810241,0.7926193792688044,-0.5054049783991797,0.041907069111079664,-1.4603654342379617,0.5256003308242463,-0.4103646117043573,-0.31567547685744546,0.7730700324642243,-0.11708360180892381
0.4397372089564311,-0.19812947628273544,-0.21408745758238168,1.7353026562644855,0.723285536031133,1.0668358598453065,1.204160972090951,-0.7167277238512447,-0.4103646117043573,0.030921962219521742,0.7730700324642243,0.9250322847210569
1.4415847331041265,-0.04729658189905417,0.35299606888674984,1.7353026562644855,-0.12226492551230796,0.6502518997404274,1.204160972090951,-0.09556369651349925,-1.1832042023588412,0.712108088004,1.0788999354171043,0.5246886450277208
0.04901667453883017,1.137150875547987,0.4606979789525932,-0.1500638977268767,0.28729857929779584,0.28656749012505656,0.31598550331464675,-0.09556369651349925,-1.1832042023588412,0.5965756083116807,-0.14441967639441558,0.5460810532556086
-1.2133112058872668,0.011165780265163102,-0.5020252171461647,-1.092747174722558,-1.5359196034052478,-1.4855674512734778,-1.4603654342379617,-0.7167277238512447,-0.4103646117043573,-0.6867045155826088,-1.0619093852530554,-1.2997781709793115
-0.45190708753501757,-1.0049100741489327,-0.127266530080324,-0.1500638977268767,-0.6969750048426154,-0.7119115253644166,-1.4603654342379617,-0.7167277238512447,1.1353145696046105,-0.5906344966269852,-0.45024957934729554,-0.9208269395138649
-0.5520918399497876,0.13627523529658725,0.3958570330966262,-0.1500638977268767,0.6770444951654759,1.6156686961739568,0.31598550331464675,-1.3378917511889903,-0.4103646117043573,-0.030778179264908737,-0.7560794823001755,1.157292716909556
1.6519727131751434,0.8097616474283708,2.496044279380562,-0.1500638977268767,0.5713506874725452,1.6090562523627687,1.204160972090951,1.1467643581619917,-1.1832042023588412,1.910084660584245,0.46724012951134436,1.2887032245951549
-0.33168538463729397,-0.6050275169456881,0.08593929188675249,0.7926193792688044,-0.04960043272341843,-0.130016469979823,-0.5721899654616575,-0.09556369651349925,1.1353145696046105,-0.318988236131776,0.46724012951134436,-0.35240009231569314
-0.8726830476770495,-1.2785139290774699,-1.179008651845749,0.7926193792688044,-1.2716850841729226,-0.21597823952527456,-1.4603654342379617,-1.3378917511889903,2.680993750913578,-1.2577413954955545,-0.14441967639441558,-1.3242266375254697
-0.3617408103617251,0.013504274751731327,-0.38223431717497325,0.7926193792688044,0.5647448244917375,0.5841274616285418,-0.5721899654616575,-0.7167277238512447,1.1353145696046105,-0.28875930775350095,0.1614102265584644,0.26186762965652366
-0.5821472656742178,-0.8248459986831445,-1.179008651845749,0.7926193792688044,-0.09584147358907552,-0.5994999805742108,-1.4603654342379617,-0.7167277238512447,-1.1832042023588412,-0.9769850469959334,0.1614102265584644,-0.0406821438521804
0.0289797240558758,-0.38053204623509357,-0.35256134195275013,-0.1500638977268767,-0.38649944474463316,0.20060572057960455,-0.5721899654616575,-0.7167277238512447,0.3624749789501266,-0.2556317150101794,-0.45024957934729554,-0.17209265153777942
0.6701621395104015,1.1044119527360254,0.007910357043130756,1.7353026562644855,0.941279014397801,1.0734483036564948,0.31598550331464675,1.1467643581619917,-0.4103646117043573,0.6711126919841458,1.6905597413228641,1.0289382675422274
-0.04114960263446317,-0.5149954792127923,-0.2547504236276478,-1.092747174722558,-0.49219325243756334,-1.1880074797699927,-0.5721899654616575,-0.09556369651349925,0.3624749789501266,-0.2953848263021621,-0.7560794823001755,-0.8627618314667397
0.9907533472376643,1.259921836092843,2.2586604776027865,-0.1500638977268767,1.2979956153614396,1.5363193704396938,1.204160972090951,0.5256003308242463,-1.1832042023588412,1.706764060122131,0.1614102265584644,1.5912529981038581
0.4697926346808622,-0.10692819130655638,-0.739409018923942,-0.1500638977268767,0.6572269062230517,0.10803150722296527,-0.5721899654616575,1.7679283854997374,-0.4103646117043573,-0.12229315421832494,0.7730700324642243,0.45134324538924786
-1.383625284992375,-1.4188235982715918,-1.4823323985617969,-1.092747174722558,-2.051176915908282,-2.054237619035694,-1.4603654342379617,0.5256003308242463,2.680993750913578,-1.6329113833136342,-0.45024957934729554,-2.534425731560285
2.448441494872561,0.6741289672073871,2.0201776767427058,2.677985933260167,2.2822691995018514,2.276913077292813,1.204160972090951,2.3890924128374826,-0.4103646117043573,2.0119520082699496,2.9138793531343845,2.2055207200760756
-0.7424428695378492,-1.677227239037432,-0.42839227863176327,-0.1500638977268767,-0.4657698005143309,-1.4525052322175351,-1.4603654342379617,-0.7167277238512447,1.1353145696046105,-1.0622885983099795,-0.45024957934729554,-1.1561434300206341
-0.036140365013723905,-1.0809111449624158,-0.3712443263519271,-1.092747174722558,-1.027268153883022,-0.04405470043437143,0.31598550331464675,-0.09556369651349925,1.1353145696046105,-0.5376303482376766,-0.7560794823001755,-0.7649679652821075
2.0727486733171756,0.011165780265163102,1.3607782273599942,1.7353026562644855,1.998217091327102,0.29317993393624475,1.204160972090951,-0.09556369651349925,-1.1832042023588412,1.3734176581424915,1.0788999354171043,1.34065621600574
-0.036140365013723905,0.8717317513224412,0.007910357043130756,0.7926193792688044,-1.2915026731153472,-0.23581557095884007,-1.4603654342379617,-0.09556369651349925,-1.1832042023588412,0.2967708939846502,0.46724012951134436,-0.425745491954167
-0.036140365013723905,0.011165780265163102,1.1816413769443581,1.7353026562644855,1.185695944687702,0.49816569208308975,0.31598550331464675,1.1467643581619917,-0.4103646117043573,0.43425040386942093,1.6905597413228641,0.8761353516287405
-0.036140365013723905,-0.7921070758711827,-0.13276152549184628,0.7926193792688044,-0.9744212500365567,-1.1020457102245416,-1.4603654342379617,-0.09556369651349925,-0.4103646117043573,-0.3454903103264312,0.46724012951134436,-0.8627618314667397
-0.14133435504923236,0.6226820885028745,-0.05253459248361749,0.7926193792688044,0.5449272355493133,-0.004380037567240446,-1.4603654342379617,-0.09556369651349925,0.3624749789501266,0.1423134928189284,0.46724012951134436,0.1640737634718916
0.3896448327490465,-0.2706228053663654,0.13429525150815108,-1.092747174722558,-0.683763278880999,0.19399327676841635,0.31598550331464675,-0.7167277238512447,-1.1832042023588412,0.11581141862427327,-1.0619093852530554,0.05405566401418125
-0.6923504933304646,0.11055179594433179,-0.0756135732120117,-0.1500638977268767,-0.16850596637796506,-0.7383613006091707,0.31598550331464675,-0.09556369651349925,1.9081541602590943,-0.2755082706561716,-0.14441967639441558,-0.8719300064215487
0.5198850108882468,-0.1642213062274887,0.35519406705136003,-1.092747174722558,-0.04960043272341843,1.2255345113138314,0.31598550331464675,-0.09556369651349925,0.3624749789501266,0.29055947034527835,-0.7560794823001755,0.45745536202578696
-0.036140365013723905,-0.1665598007140586,1.2409873273888028,0.7926193792688044,1.0337610961291144,1.952903330544573,1.204160972090951,0.5256003308242463,-0.4103646117043573,0.3936691027588542,0.7730700324642243,1.4781788403278782
-0.0010757016685553145,0.10587480697119533,0.006811357960827237,-0.1500638977268767,0.41941583891395845,0.22044305201317096,0.31598550331464675,-0.7167277238512447,-0.4103646117043573,0.03961795531464191,-0.45024957934729554,0.3932781373421218
-0.036140365013723905,-0.7523526695995145,0.007910357043130756,-1.092747174722558,-0.9810271130173649,-1.2210696988259355,-0.5721899654616575,-0.7167277238512447,1.9081541602590943,-0.27840693502121283,-1.0619093852530554,-1.470917436802417
0.9506794462717555,0.6916676758566513,-0.1723254924548089,0.7926193792688044,1.0469728220907308,0.05513195673345697,1.204160972090951,-0.09556369651349925,-0.4103646117043573,0.5729721984820649,0.46724012951134436,0.6072022196210033
-1.2734220573361281,-0.12797464168567374,-1.520797366442455,-0.1500638977268767,-0.571463608207261,-0.5862750929518336,-1.4603654342379617,-0.7167277238512447,0.3624749789501266,-1.1446934852589818,-0.45024957934729554,-0.6213332243234303
-0.5420733647083109,-0.3314236620171509,-0.5108172098046022,-0.1500638977268767,-0.829092264458778,-0.004380037567240446,-0.5721899654616575,0.5256003308242463,0.3624749789501266,-0.5339034940540549,0.1614102265584644,-0.471586366728213
1.8323052675217282,1.8620841663842815,0.31123410375917865,0.7926193792688044,0.47886860574123197,1.337946056104037,1.204160972090951,1.1467643581619917,-1.1832042023588412,1.5340864829475833,1.0788999354171043,1.1206200170903193
-0.036140365013723905,0.011165780265163102,0.007910357043130756,-1.092747174722558,-0.18832355532038925,0.11464395103415345,-1.4603654342379617,0.5256003308242463,-0.4103646117043573,-0.00800295925387702,-0.45024957934729554,0.06322383896899081
-0.6322396418816033,-0.5722885941337262,-0.01736662184987206,0.7926193792688044,-0.04960043272341843,-0.8838350644553188,0.31598550331464675,-0.09556369651349925,-1.1832042023588412,-0.4705469729324565,0.46724012951134436,-0.15070024330989074
-0.036140365013723905,-0.5091492429963709,0.6123598523106163,0.7926193792688044,-0.5978870601304935,0.11464395103415345,0.31598550331464675,-0.09556369651349925,-0.4103646117043573,0.03547700622172738,0.46724012951134436,-0.12625177676373336
0.35958940702461534,1.3429383903660326,0.007910357043130756,-1.092747174722558,0.43923342785638264,1.1858598484467004,0.31598550331464675,-0.09556369651349925,-0.4103646117043573,0.6272186315992485,-0.7560794823001755,0.8486308267643127
-0.036140365013723905,-1.2925448959968826,-0.45586725568937625,-1.092747174722558,-1.2584733582113066,-1.3731559064832726,-1.4603654342379617,-1.3378917511889903,3.4538333415680618,-0.6444668348348777,-1.3677392882059354,-2.0362882256823185
0.3896448327490465,0.41455607919826093,0.4123420193311946,1.7353026562644855,0.26087512737456386,-0.004380037567240446,0.31598550331464675,1.1467643581619917,-0.4103646117043573,0.46323704751982264,1.6905597413228641,0.21602675488247763
-0.1012604540833245,-0.1946217345528823,0.007910357043130756,-0.1500638977268767,-0.6110987860921094,-0.1763035766581431,-0.5721899654616575,-0.09556369651349925,-0.4103646117043573,-0.10779983239312406,-0.14441967639441558,-0.2668304594041411
1.1510489511012956,1.137150875547987,0.9343665834258412,-0.1500638977268767,-0.04960043272341843,0.6899265626075584,-0.5721899654616575,-0.09556369651349925,0.3624749789501266,1.2305549144369312,-0.14441967639441558,0.20991463824593762
0.1091275259876915,1.137150875547987,0.579389879841481,1.7353026562644855,0.08912268987355193,-0.004380037567240446,-0.5721899654616575,-0.09556369651349925,-0.4103646117043573,0.6661435530726455,1.0788999354171043,0.13656923860746464
0.5599589118541546,0.5490195121759613,0.007910357043130756,0.7926193792688044,1.4499304639200272,-0.6590119748749078,-0.5721899654616575,-0.09556369651349925,0.3624749789501266,0.4288671700486313,0.46724012951134436,0.2802039795661419
1.0308272482035712,1.5592491303736358,0.9651385577303678,1.7353026562644855,1.113031451898812,-0.004380037567240446,-0.5721899654616575,1.7679283854997374,-1.1832042023588412,1.3419464450363379,1.9963896442757443,0.793621777035458
0.3395524565416619,0.8705625040791563,0.6684088055081474,0.7926193792688044,1.0601845480523473,0.015457293866325047,0.31598550331464675,-0.7167277238512447,-1.1832042023588412,0.7005134305438404,0.1614102265584644,0.7783414854441093
1.5417694855188957,1.2178289353346068,1.5135390998003224,-0.1500638977268767,0.6638327692038595,0.7097638940411238,1.204160972090951,1.7679283854997374,-1.1832042023588412,1.638852494998327,0.7730700324642243,0.9158641097662474
-1.4437361364412362,-0.70792127435471,-1.1306526922243503,-1.092747174722558,-0.5054049783991797,-1.0226963844902786,-1.4603654342379617,-0.09556369651349925,0.3624749789501266,-1.2734770020486323,-0.7560794823001755,-0.7924724901465353
-0.8326091467111417,-1.567317998168704,0.007910357043130756,-1.092747174722558,-0.04960043272341843,-0.9168972835112615,-1.4603654342379617,-1.3378917511889903,1.1353145696046105,-0.8962365396840963,-1.3677392882059354,-0.716071032189792
0.7703468919251706,0.03805846686070185,1.1036124421007378,-0.1500638977268767,-0.5780694711880688,-0.050667144245560555,1.204160972090951,1.1467643581619917,-1.1832042023588412,0.7477202502030683,0.46724012951134436,-0.010121560669483038
0.32953398130018424,0.7583147687238598,0.31343210192378723,0.7926193792688044,0.32693375718264517,0.8287878826425178,-0.5721899654616575,0.5256003308242463,-0.4103646117043573,0.5228667144577959,0.7730700324642243,0.6316506861671616
0.620069763303016,-0.7453371861398081,-0.8515069253190025,-0.1500638977268767,0.4722627427604233,-0.004380037567240446,-0.5721899654616575,0.5256003308242463,1.1353145696046105,-0.3285124190454819,0.1614102265584644,-0.05290637712525952
-0.48196251325944867,-0.4097632273172022,-0.7745769895576858,0.7926193792688044,-0.0033593918577613287,-0.6325621996301537,-1.4603654342379617,-0.7167277238512447,0.3624749789501266,-0.6361849366490486,0.1614102265584644,-0.379904617180121
0.08909057550473802,-0.10575894406327144,-0.13605852273875996,-0.1500638977268767,-0.04960043272341843,-0.811098182532245,1.204160972090951,-0.09556369651349925,1.1353145696046105,-0.051897019638774286,-0.14441967639441558,-0.6671740990974764
0.038998199297352536,0.3397242556280644,0.14088924600197847,0.7926193792688044,0.4590510167988078,0.31962970918099937,-0.5721899654616575,-0.7167277238512447,-0.4103646117043573,0.18952031247815804,0.1614102265584644,0.45745536202578696
-2.0648816014128073,-0.7558604113293678,-2.5571535010556166,-1.092747174722558,-1.0338740168638303,-2.2592233771825394,-0.5721899654616575,-1.3378917511889903,1.1353145696046105,-2.0846889293506363,-1.3677392882059354,-1.7918035602207396
-1.173237304921359,-1.3241145715655596,-0.5305991932860827,-1.092747174722558,-1.9256655192729277,-1.4921798950846665,-0.5721899654616575,-0.09556369651349925,-0.4103646117043573,-1.1538035732633958,-0.7560794823001755,-1.483141670075496
-1.133163403955451,-1.2177130724266845,-2.558389875023209,-1.092747174722558,-1.8926362043688871,-0.8507728453993759,-1.4603654342379617,-1.3378917511889903,2.680993750913578,-1.8636140096526488,-1.3677392882059354,-1.9048777179967196
-1.343551384026467,-0.9815251292832472,-0.813041957438345,-1.092747174722558,1.2913897523806317,-0.004380037567240446,0.31598550331464675,-1.3378917511889903,2.680993750913578,-1.2092922911084534,-1.3677392882059354,-0.0406821438521804
-0.3917962360861562,0.011165780265163102,-0.4360852722078941,-0.1500638977268767,1.2913897523806317,-0.1630786890357658,-1.4603654342379617,-0.09556369651349925,-0.4103646117043573,-0.32230099540610835,-0.14441967639441558,0.6194264528940825
-0.3917962360861562,-1.3065758629162953,-0.5943411400597447,0.7926193792688044,-0.5780694711880688,-1.181395035958804,-0.5721899654616575,-1.3378917511889903,0.3624749789501266,-0.8486156251155756,-0.14441967639441558,-0.8994345312859762
-0.4919809885009254,1.2377061384704409,0.30134311201843755,-0.1500638977268767,0.7298913990119408,0.8089505512089523,0.31598550331464675,-0.7167277238512447,1.9081541602590943,0.34853275764608543,-0.45024957934729554,0.2588115713382541
-0.5420733647083109,-1.31592984086257,-1.281215566500069,-1.092747174722558,-0.5516460192648364,-0.8375479577769991,-0.5721899654616575,-0.7167277238512447,1.1353145696046105,-1.1728519390908039,-1.0619093852530554,-0.9116587645590553
-0.6823320180889879,0.32686253595193504,0.8959016155451837,0.7926193792688044,-0.04960043272341843,0.32624215299218756,1.204160972090951,-0.09556369651349925,0.3624749789501266,0.17130013646933195,0.46724012951134436,0.041831430741102134
1.0208087729620945,0.6144973577998849,1.5157370979649325,1.7353026562644855,-0.6243105120537259,0.6171896806844845,1.204160972090951,1.7679283854997374,-0.4103646117043573,1.2106783587909407,1.9963896442757443,0.09378442215168817
-0.7424428695378492,-0.4764103201844091,0.10352327720362443,-0.1500638977268767,-1.1527795505183764,0.022069737677514172,-0.5721899654616575,-0.09556369651349925,-0.4103646117043573,-0.43659119037055627,-0.14441967639441558,-0.425745491954167
0.34957093178313864,0.011165780265163102,0.007910357043130756,-0.1500638977268767,-0.04960043272341843,-0.004380037567240446,1.204160972090951,-0.09556369651349925,0.3624749789501266,0.15142358082334145,-0.14441967639441558,-0.11097148517238468
1.1811043768257259,0.23916899270560912,0.007910357043130756,2.677985933260167,1.4036894230543702,1.7545300162089161,1.204160972090951,1.1467643581619917,-1.1832042023588412,0.5758708628471044,2.302219547228624,1.7409998556990762
0.6401067137859703,-0.30920796439474857,-0.5789551529074813,-0.1500638977268767,-0.04960043272341843,1.218922067502643,0.31598550331464675,2.3890924128374826,-0.4103646117043573,-0.06307758218964282,1.0788999354171043,0.6377628028037007
0.830457743374032,0.6226820885028745,0.25188815331473546,0.7926193792688044,1.1526666297836614,1.2585967303697743,-0.5721899654616575,0.5256003308242463,0.3624749789501266,0.6586898447054021,0.7730700324642243,1.0289382675422274
-0.036140365013723905,-2.195203767812397,-2.3373536845947127,-1.092747174722558,-0.525222567341604,-1.0755959349797874,-0.5721899654616575,-1.3378917511889903,1.9081541602590943,-1.673078589514908,-1.3677392882059354,-1.1928161298398712
-1.3535698592679437,-1.6433190689821862,0.007910357043130756,-1.092747174722558,-0.08923561060826778,-0.2754902338259715,1.204160972090951,-0.7167277238512447,1.1353145696046105,-1.1384820616196107,-1.0619093852530554,-0.43796972522724614
-0.036140365013723905,-0.186437003849891,0.2727691358785211,0.7926193792688044,1.8859174206533635,-0.004380037567240446,1.204160972090951,-0.09556369651349925,-1.1832042023588412,0.021811874215110466,0.46724012951134436,1.1511806002730167
0.018961248814399055,0.1538139439458531,-0.739409018923942,-0.1500638977268767,-0.04960043272341843,0.4849408044607134,0.31598550331464675,-0.09556369651349925,-1.1832042023588412,-0.2162926986274913,-0.14441967639441558,0.4819038285719452
-0.9528308496088652,-0.1747445314170482,-0.08990056128196995,-1.092747174722558,-0.17511182935877329,-1.5781416646301176,-1.4603654342379617,-0.7167277238512447,0.3624749789501266,-0.48959533875986483,-1.0619093852530554,-0.8963784729677066
-0.036140365013723905,-0.1829292621200395,-0.22397844932312275,-0.1500638977268767,-0.3931053077254414,-0.8507728453993759,0.31598550331464675,-1.3378917511889903,-1.1832042023588412,-0.1641167400567667,-0.7560794823001755,-0.2943349842685684
-0.6222211666401257,-0.48927203986053686,0.04637532492378987,-1.092747174722558,0.21463408650890678,-0.2093657957140859,0.31598550331464675,-1.3378917511889903,-0.4103646117043573,-0.4129877805409406,-1.3677392882059354,0.0998965387882273
-2.0648816014128073,-2.519523721918393,-2.3230666965247537,-1.092747174722558,-0.04960043272341843,-2.3517975905391793,-1.4603654342379617,-1.3378917511889903,3.4538333415680618,-2.621097122474083,-1.3677392882059354,-1.9293261845428773
-0.036140365013723905,-0.8318614821428508,-0.9701988262078904,-1.092747174722558,-0.4987991154183716,-0.32177734050429113,-0.5721899654616575,-1.3378917511889903,1.1353145696046105,-0.6751098581224474,-1.3677392882059354,-0.6488377491878581
-0.38177776084467946,0.455479732713214,0.17276021938880864,-0.1500638977268767,-0.05620629570422712,0.4518785854047706,-0.5721899654616575,-0.09556369651349925,0.3624749789501266,0.06860459896504544,-0.14441967639441558,0.09684048046995773
1.1209935253768637,0.7197296096954766,1.7355369144258364,-0.1500638977268767,0.7959500288200221,0.8023381073977641,-0.5721899654616575,1.7679283854997374,0.3624749789501266,1.3721753734146183,0.7730700324642243,0.6530430943950494
0.9406609710302788,0.7208988569387599,0.6837947926604107,-1.092747174722558,0.5713506874725452,0.14770617009009626,-0.5721899654616575,1.1467643581619917,-1.1832042023588412,0.9017635564594971,-0.14441967639441558,0.6133143362575425
-0.19142673125661694,0.03571997237413362,-0.4877382290762064,-0.1500638977268767,0.30711616824022003,-0.32177734050429113,1.204160972090951,1.1467643581619917,-0.4103646117043573,-0.2502484811893915,0.46724012951134436,0.0907283638334186
-0.46192556277649516,-0.23203764633798052,-0.5218072006276467,1.7353026562644855,0.19481649756648256,-0.8375479577769991,1.204160972090951,-0.09556369651349925,-1.1832042023588412,-0.4697187831138743,1.0788999354171043,-0.016233677306022164
1.882397643729112,1.4060777415033863,1.6487159869237786,0.7926193792688044,2.2822691995018514,2.0454775439012134,1.204160972090951,-0.09556369651349925,-1.1832042023588412,1.8972477183962086,0.46724012951134436,2.2819221780328194
-1.032978651540681,0.20175308092051086,-0.23936443647538608,-1.092747174722558,-1.5161020144628234,-0.7846484072874904,-0.5721899654616575,0.5256003308242463,0.3624749789501266,-0.4457012783749693,-0.45024957934729554,-1.1500313133840947
-0.46192556277649516,0.2508614651384536,-0.03275260900213539,-1.092747174722558,-0.04960043272341843,0.15431861390128537,-0.5721899654616575,-0.09556369651349925,-0.4103646117043573,-0.11442535094178696,-0.7560794823001755,0.1457374135622742
-0.6222211666401257,0.2029223281637958,-1.0064657959239394,-0.1500638977268767,-0.27419977407089524,-0.30194000907072566,-0.5721899654616575,-0.09556369651349925,1.9081541602590943,-0.5645465173416211,-0.14441967639441558,-0.7191270905080619
0.970716396754709,0.561881231852089,1.2486803209649338,1.7353026562644855,0.7497089879543649,1.218922067502643,1.204160972090951,1.7679283854997374,-0.4103646117043573,1.0707142794504216,1.9963896442757443,1.0075458593143396
-1.8544936213417915,-1.7146431508225313,-1.713122205845746,-1.092747174722558,-1.040479879844638,-1.1880074797699927,-1.4603654342379617,-0.7167277238512447,1.1353145696046105,-2.0192619336825826,-1.0619093852530554,-1.2997781709793115
-0.7023689685719414,-0.976848140310109,0.007910357043130756,-1.092747174722558,-0.40631703368705785,-1.20123236739237,-1.4603654342379617,0.5256003308242463,0.3624749789501266,-0.6332862722840074,-0.45024957934729554,-0.8291451899657727
-1.2834405325776048,-1.4515625210835534,-1.735102187491836,-1.092747174722558,-1.5689489183092884,-2.3451851467279905,-1.4603654342379617,-0.09556369651349925,1.1353145696046105,-1.6983383789816873,-0.7560794823001755,-2.079073042138094
-0.5320548894668332,-0.5535806382411755,0.5497169046192595,0.7926193792688044,-0.571463608207261,-0.7119115253644166,-1.4603654342379617,-1.3378917511889903,-0.4103646117043573,-0.2088389902602444,-0.14441967639441558,-0.49603483327437126
-0.25153758270547916,0.11873652664732308,0.5101529376562969,-0.1500638977268767,-0.04960043272341843,0.015457293866325047,0.31598550331464675,-1.3378917511889903,-1.1832042023588412,0.13030474044947415,-0.7560794823001755,0.2649236879747932
-0.9428123743673885,-0.5266879516456368,-0.3107993768251789,-0.1500638977268767,-0.2015352812820057,-0.35483955956023394,-1.4603654342379617,-0.09556369651349925,-1.1832042023588412,-0.6933300341312735,-0.14441967639441558,0.023495080831483887
-0.8225906714696649,-1.0715571670161412,0.007910357043130756,-0.1500638977268767,-1.2584733582113066,-0.8970599520776961,-1.4603654342379617,-0.09556369651349925,0.3624749789501266,-0.7165193490515962,-0.14441967639441558,-1.0827980303821603
0.8104207928910785,1.6656506295125109,0.762922726586336,-0.1500638977268767,1.2451487115149746,0.43865369778239327,1.204160972090951,1.7679283854997374,-1.1832042023588412,1.2123347384281051,0.7730700324642243,1.0594988507249246
-2.0147892252054227,-0.9452784647414322,-0.9921788078539812,-1.092747174722558,-1.9256655192729277,-1.287194136937821,-1.4603654342379617,-0.09556369651349925,2.680993750913578,-1.541396408360218,-0.7560794823001755,-2.1218578585938705
0.930642495788802,0.6425592916387086,0.5453209082900408,-0.1500638977268767,0.3137220312210287,-0.1432413576022003,0.31598550331464675,-0.7167277238512447,0.3624749789501266,0.8177022898733278,-0.45024957934729554,-0.007065502351213475
0.12916447647064588,-0.11862066373939917,-0.9504168427264099,-0.1500638977268767,-0.09584147358907552,-0.35483955956023394,-1.4603654342379617,-0.09556369651349925,0.3624749789501266,-0.3467325950543045,-0.14441967639441558,-0.2943349842685684
-0.27157453318843267,-0.23203764633798052,0.23210616983325336,-0.1500638977268767,-0.9612095240749406,0.002232406243947738,1.204160972090951,-0.7167277238512447,-0.4103646117043573,-0.10697164257454009,-0.45024957934729554,-0.34628797567915404
0.970716396754709,0.9991797008404336,1.521232093376455,-0.1500638977268767,0.9280672884361847,-0.004380037567240446,1.204160972090951,1.7679283854997374,-0.4103646117043573,1.328281313029719,0.7730700324642243,0.5246886450277208
0.11914600122916824,-0.6061967641889714,0.007910357043130756,-0.1500638977268767,0.4590510167988078,0.6700892311739929,-0.5721899654616575,-0.7167277238512447,-1.1832042023588412,-0.16246036041959877,-0.45024957934729554,0.8027899519902675
-0.8426276219526193,-1.5907029430343904,-0.7493000106646814,-1.092747174722558,-0.04960043272341843,-0.9168972835112615,-0.5721899654616575,-0.09556369651349925,0.3624749789501266,-1.1939707794646677,-0.7560794823001755,-0.5327075330936077
0.45977415943938454,0.3245240414653668,0.5552119000307818,-0.1500638977268767,1.0073376442058823,0.8420127702648951,1.204160972090951,0.5256003308242463,-1.1832042023588412,0.5141707213626757,0.1614102265584644,1.1359003086816681
-0.7023689685719414,-0.741829444409955,-0.7591910024054226,-0.1500638977268767,-0.4657698005143309,-1.20123236739237,1.204160972090951,-1.3378917511889903,0.3624749789501266,-0.8390914422018715,-0.7560794823001755,-0.8566497148302
1.0408457234450479,1.4458321477750544,1.6003600273023801,0.7926193792688044,0.24105753843213873,0.8486252140760842,1.204160972090951,-0.09556369651349925,-1.1832042023588412,1.5452670454984536,0.46724012951134436,0.7844536020806484
-2.0648816014128073,-2.47582310620064,-2.558389875023209,-1.092747174722558,-1.9322713822537354,-1.9616634056790543,-1.4603654342379617,-0.09556369651349925,1.1353145696046105,-2.694288397691352,-0.7560794823001755,-2.0699048671832854
-0.04114960263446317,-1.0680494252862882,-0.36574933094040485,0.7926193792688044,0.6043800023765858,-0.21597823952527456,-0.5721899654616575,1.7679283854997374,-0.4103646117043573,-0.533075304235471,1.3847298383699842,0.27714792124787146
0.4998480604052924,1.2751220502555407,0.21232418635177283,-0.1500638977268767,0.9610966033402253,0.35930437204813037,0.31598550331464675,1.1467643581619917,0.3624749789501266,0.7381960672893642,0.46724012951134436,0.5246886450277208
1.10095657489391,-0.009880670113955912,0.15187923682502302,-0.1500638977268767,0.02306406006547063,0.23366793963554736,-0.5721899654616575,0.5256003308242463,-1.1832042023588412,0.5087874875418861,0.1614102265584644,0.39939025397866096
-0.7724982952622803,-0.9031855639831958,-0.9383278528210602,-1.092747174722558,-1.13956782455676,-0.6259497558189651,-0.5721899654616575,-1.3378917511889903,1.1353145696046105,-0.9927206535490111,-1.3677392882059354,-1.0858540887004298
-0.036140365013723905,1.1605358204136744,0.9101886036151419,2.677985933260167,-0.04960043272341843,-0.004380037567240446,-0.5721899654616575,1.7679283854997374,-1.1832042023588412,0.7390242571079463,2.6080494501815044,0.25575551301998367
-0.7424428695378492,-0.3641625848291127,0.03318733593613513,-1.092747174722558,-0.571463608207261,-0.8044857387210563,-1.4603654342379617,-0.09556369651349925,1.1353145696046105,-0.4233401532732287,-0.7560794823001755,-0.9055466479225162
-1.594013265063391,0.011165780265163102,0.007910357043130756,0.7926193792688044,-1.4698609735971664,-2.1468118323923338,-1.4603654342379617,-1.3378917511889903,1.9081541602590943,-0.6519205432021246,-0.14441967639441558,-2.1249139169121403
-0.6222211666401257,-0.29868473920518906,-0.62950911069349,-1.092747174722558,1.2913897523806317,-0.2424280147700287,0.31598550331464675,-0.09556369651349925,-0.4103646117043573,-0.600158679540691,-0.7560794823001755,0.582753753074846
0.1391829517121226,-0.9908791072295218,-0.06572258147127066,-1.092747174722558,-0.3336525408981683,-0.20275335190289726,-1.4603654342379617,-0.09556369651349925,-0.4103646117043573,-0.31816004631319383,-0.7560794823001755,-0.15070024330989074
0.6701621395104015,0.7220681041820449,0.25408615147934405,-0.1500638977268767,-0.04960043272341843,-0.004380037567240446,-0.5721899654616575,-0.7167277238512447,-1.1832042023588412,0.6284609163271236,-0.45024957934729554,0.25575551301998367
0.2393677041268918,1.4622016091810353,0.8222686770307807,1.7353026562644855,0.8620086586281034,1.7280802409641625,1.204160972090951,1.7679283854997374,-1.1832042023588412,0.9266092510169861,1.9963896442757443,1.4781788403278782
-0.1513528302907091,1.026072387435974,0.007910357043130756,1.7353026562644855,0.941279014397801,0.3989790349152614,0.31598550331464675,-0.09556369651349925,-1.1832042023588412,0.3038105074426042,1.0788999354171043,0.9005838181748987
0.6000328128200625,0.011165780265163102,-0.07891057045892538,0.7926193792688044,-0.12887078849311617,0.4849408044607134,0.31598550331464675,-0.09556369651349925,-0.4103646117043573,0.22223381031218323,0.46724012951134436,0.26186762965652366
-1.5739763145804366,0.4472950020102227,-1.4845303967264054,-1.092747174722558,-0.3336525408981683,-0.35483955956023394,-1.4603654342379617,-0.7167277238512447,0.3624749789501266,-1.0515221306684002,-1.0619093852530554,-0.4043530837262792
-1.804401245134407,-0.5980120334859818,-1.5164013701132364,0.7926193792688044,-1.0536916058062544,-0.870610176832942,0.31598550331464675,-1.3378917511889903,-0.4103646117043573,-1.5289735610814743,-0.14441967639441558,-0.7924724901465353
0.7302729909592628,1.1196121668987213,0.8222686770307807,0.7926193792688044,0.9743083293018417,0.6304145683068609,1.204160972090951,0.5256003308242463,-1.1832042023588412,1.008185948147409,0.7730700324642243,1.0228261509056882
-1.4437361364412362,-1.5228866029238985,-1.02844577757003,-1.092747174722558,-0.4789815264759469,-0.5201506548399479,-1.4603654342379617,-0.09556369651349925,1.1353145696046105,-1.5235903272606839,-0.7560794823001755,-0.7313513237811406
1.3413999806893573,1.776729117624524,1.4981531126480592,1.7353026562644855,2.1369402139240723,1.8867788924326874,1.204160972090951,0.5256003308242463,-1.1832042023588412,1.7481735510512781,1.3847298383699842,2.1413434953924106
1.3013260797234485,0.21344555335335366,0.007910357043130756,1.7353026562644855,1.5886535865169977,0.31962970918099937,0.31598550331464675,-0.09556369651349925,-1.1832042023588412,0.6164521639576693,1.0788999354171043,1.1634048335460958
1.8723791684876352,1.993039857632127,1.9927026996850927,2.677985933260167,2.2822691995018514,-0.004380037567240446,1.204160972090951,1.1467643581619917,-1.1832042023588412,2.2305941203758484,2.302219547228624,1.334544099369201
-0.5120179389838798,0.4285870461176736,0.14418624324889215,-1.092747174722558,0.6902562211270923,-0.01099248137842863,-0.5721899654616575,0.5256003308242463,0.3624749789501266,-0.005518389798128652,-0.45024957934729554,0.22825098815555675
-1.6541241165122522,-1.3650382250805118,-1.7504881746440992,-1.092747174722558,1.2913897523806317,-1.4657301198399124,-1.4603654342379617,-0.7167277238512447,1.1353145696046105,-1.826707800862045,-1.0619093852530554,-0.3493440339974236
-0.09124197884184776,-0.9195550253891768,-0.35805633736427395,-1.092747174722558,-1.0338740168638303,-1.320256355993764,-0.5721899654616575,-1.3378917511889903,1.1353145696046105,-0.498291331854985,-1.3677392882059354,-1.3578432790264365
0.7803653671666474,0.7945614332656732,0.4870739569279026,-0.1500638977268767,0.33353962016345295,-0.09034180711269155,-1.4603654342379617,1.1467643581619917,-0.4103646117043573,0.787473361495051,0.46724012951134436,0.20991463824593762
0.5399219613712003,0.011165780265163102,0.2661751413846937,-0.1500638977268767,0.34675134612506936,1.3181087246704717,0.31598550331464675,-0.09556369651349925,-1.1832042023588412,0.32741391727221986,-0.14441967639441558,1.0503306757701152
0.3896448327490465,1.6773431019453553,0.007910357043130756,0.7926193792688044,1.1328490408412364,0.4518785854047706,1.204160972090951,-0.09556369651349925,-0.4103646117043573,0.7580726229353546,0.46724012951134436,0.8302944768546945
1.3714554064137876,0.7536377797507218,1.5684890539155483,-0.1500638977268767,1.19230180766851,1.708242909530597,0.31598550331464675,1.7679283854997374,-1.1832042023588412,1.4247654268946321,0.7730700324642243,1.6218135812865564
0.27944160509279964,0.21812254232649175,1.8410408263270697,-0.1500638977268767,0.8554027956472956,-0.004380037567240446,-0.5721899654616575,-0.7167277238512447,-0.4103646117043573,0.8864420448157141,-0.45024957934729554,0.4910720035267539
-0.6322396418816033,0.7629917576969963,-0.34267035021201064,-0.1500638977268767,-0.0033593918577613287,0.06835684435583333,-0.5721899654616575,-0.09556369651349925,-0.4103646117043573,-0.12022267967186767,-0.14441967639441558,0.1274010636526551
-0.9327938991259118,0.011165780265163102,-1.4306794416934845,-0.1500638977268767,-1.3509554399426202,-0.04405470043437143,0.31598550331464675,-1.3378917511889903,0.3624749789501266,-0.9206681393322924,-0.7560794823001755,-0.7313513237811406
0.34957093178313864,-0.997894590689228,0.1551762340719367,-0.1500638977268767,-0.04960043272341843,1.6156686961739568,-1.4603654342379617,-0.09556369651349925,0.3624749789501266,-0.15045160805014626,-0.14441967639441558,0.6377628028037007
-0.1313158798077556,0.10119781799805723,-1.5394803508416313,-0.1500638977268767,0.04288164900789483,-0.315164896693103,-0.5721899654616575,0.5256003308242463,-0.4103646117043573,-0.5985022999035231,0.1614102265584644,-0.028457910579101717
-0.5420733647083109,0.012335027508446384,-0.840516934495958,-0.1500638977268767,-0.4195287596486738,0.15431861390128537,-0.5721899654616575,0.5256003308242463,0.3624749789501266,-0.5363880635098033,0.1614102265584644,-0.2087653513570159
1.3013260797234485,2.2163660810994386,1.375065215429954,-0.1500638977268767,1.3244190672846725,2.104989538201911,1.204160972090951,2.3890924128374826,-1.1832042023588412,1.8409308107325677,1.0788999354171043,1.8662982467481353
-0.036140365013723905,0.4543104854699291,0.24089816249168933,-0.1500638977268767,0.8686145216089111,0.7031514502299356,1.204160972090951,1.7679283854997374,-1.1832042023588412,0.23672713213738586,0.7730700324642243,1.0075458593143396
-1.1932742554043123,-1.94030786877641,-0.5295001942037777,-1.092747174722558,-0.04960043272341843,-0.6391746434413423,-1.4603654342379617,-0.7167277238512447,1.1353145696046105,-1.3798993937365414,-1.0619093852530554,-0.5877165828224634
-0.036140365013723905,0.4472950020102227,-0.40531329790336745,-0.1500638977268767,0.624197591319011,0.41220392253763866,1.204160972090951,1.1467643581619917,-0.4103646117043573,-0.009245243981752088,0.46724012951134436,0.576641636438306
0.34957093178313864,0.5911124129341977,0.7980906972200814,-0.1500638977268767,0.30711616824022003,-0.004380037567240446,0.31598550331464675,-0.09556369651349925,1.1353145696046105,0.6545488956124859,-0.14441967639441558,-0.12930783508200291
-0.2014452064980937,0.031042983400997173,-0.376739321763451,-0.1500638977268767,-0.1486883774355404,-0.5664377615182681,-0.5721899654616575,-1.3378917511889903,-0.4103646117043573,-0.21422222408103225,-0.7560794823001755,-0.2332138179031737
0.5299034861297235,0.7384375655880258,0.19474020103489934,-0.1500638977268767,0.16178718266244194,-0.5598253177070794,0.31598550331464675,-0.7167277238512447,-0.4103646117043573,0.5539238326546566,-0.45024957934729554,-0.08652301862622644
-0.5520918399497876,0.761822510453713,0.07714729922831653,-0.1500638977268767,-0.7630336346506967,-0.38128933480498856,-0.5721899654616575,-0.7167277238512447,-0.4103646117043573,0.0706750735115027,-0.45024957934729554,-0.431857608590707
-1.3936437602338516,-0.16188281174092048,-0.5437871822737375,-0.1500638977268767,-1.2981085360961553,-0.5730502053294567,0.31598550331464675,-0.7167277238512447,0.3624749789501266,-0.8382632523832892,-0.45024957934729554,-0.9513875226965621
-0.8827015229185272,-0.35597785412612143,0.45959897987028964,-0.1500638977268767,-0.22795873320523813,0.26011771488030194,0.31598550331464675,-0.7167277238512447,-0.4103646117043573,-0.3177459514039027,-0.45024957934729554,0.11212077206130641
0.9606979215132323,-0.8599234159816745,1.3442932411254274,0.7926193792688044,-0.04960043272341843,-0.09695425092388067,1.204160972090951,0.5256003308242463,-0.4103646117043573,0.599060177767429,0.7730700324642243,0.029607197468023882
-0.8827015229185272,-0.6938903074352972,0.7057747743065014,0.7926193792688044,0.895037973532144,0.18738083295722818,1.204160972090951,1.1467643581619917,-0.4103646117043573,-0.34466212050784895,1.0788999354171043,0.5980340446661947
-0.24151910746400154,0.32686253595193504,-0.3272843630597473,-1.092747174722558,-0.27419977407089524,0.7957256635865749,-0.5721899654616575,0.5256003308242463,0.3624749789501266,-0.10738573748383295,-0.45024957934729554,0.15490558851708203
0.08909057550473802,0.011165780265163102,0.01450435153695812,-0.1500638977268767,-0.03638870676180198,-0.539987986273514,0.31598550331464675,0.5256003308242463,1.1353145696046105,0.046243473863306586,0.1614102265584644,-0.5357635914118773
1.5517879607603724,1.586141816969176,0.6332408348744035,2.677985933260167,1.773617749979625,-0.004380037567240446,1.204160972090951,1.7679283854997374,-0.4103646117043573,1.441743318175583,2.6080494501815044,0.9158641097662474
0.7402914662007395,0.2146148005966386,1.099216445771519,0.7926193792688044,-0.04960043272341843,1.5098695951949401,1.204160972090951,1.1467643581619917,-0.4103646117043573,0.7961693545901711,1.0788999354171043,0.7722293688075702
-1.624068690787821,-0.9406014757682941,-1.6559742535659105,-1.092747174722558,-1.0536916058062544,-1.320256355993764,-0.5721899654616575,-0.7167277238512447,0.3624749789501266,-1.6283563393114278,-1.0619093852530554,-1.183647954885062
-0.036140365013723905,1.7217744971901598,-0.638301103351926,-1.092747174722558,-1.0338740168638303,0.028682181488702354,-1.4603654342379617,-1.3378917511889903,1.1353145696046105,0.35433008637616437,-1.3677392882059354,-0.7344073820994106
-1.764327344168499,0.011165780265163102,-1.0086637940885494,-1.092747174722558,-0.9017567572476676,-1.3996056817280267,-1.4603654342379617,-1.3378917511889903,1.1353145696046105,-1.1053544688762929,-1.3677392882059354,-1.3333948124802792
1.8222867922802515,2.2947056463994895,0.6508248201912754,1.7353026562644855,1.8594939687301306,-0.004380037567240446,1.204160972090951,1.7679283854997374,-1.1832042023588412,1.811115977263582,1.9963896442757443,1.1389563669999376
-0.45190708753501757,-0.2191759266618528,-0.5998361354712669,-0.1500638977268767,-0.04960043272341843,-0.6193373120077763,-1.4603654342379617,-0.7167277238512447,-1.1832042023588412,-0.490423528578447,-0.45024957934729554,-0.02845791057910128
2.448441494872561,1.705405035784179,2.5662428457627637,0.7926193792688044,2.2822691995018514,2.276913077292813,1.204160972090951,3.0102564401752288,-1.1832042023588412,2.582937126319235,1.9963896442757443,2.38888421917226
-1.0730525525065888,-1.6643655193613045,-1.229562609631757,-1.092747174722558,-1.1990205913840335,-0.7515861882315475,-1.4603654342379617,-0.09556369651349925,1.1353145696046105,-1.4962600632474465,-0.7560794823001755,-1.171423721611983
-1.624068690787821,-1.79765970509572,-2.3813136478868935,-1.092747174722558,-1.0206622909022138,-1.7236154284762661,0.31598550331464675,-0.7167277238512447,-0.4103646117043573,-2.205190547954456,-1.0619093852530554,-1.171423721611983
-0.04114960263446317,-0.09172797714386041,0.4068470239196723,-0.1500638977268767,-0.10905319955069197,-0.004380037567240446,-0.5721899654616575,-0.09556369651349925,1.1353145696046105,0.10380266625482076,-0.14441967639441558,-0.3218395091329958
1.9224715446950207,0.011165780265163102,2.0377616620595793,1.7353026562644855,0.6968620841079001,1.7413051285865397,1.204160972090951,1.7679283854997374,-0.4103646117043573,1.566385885872321,1.9963896442757443,1.2245259999114906
-1.5639578393389597,-0.8330307293861341,-0.655885088668798,-1.092747174722558,-1.4698609735971664,-0.47386354816162835,-1.4603654342379617,-1.3378917511889903,1.9081541602590943,-1.188587545643879,-1.3677392882059354,-1.3517311623898975
1.3814738816552643,0.011165780265163102,1.5640930575863312,2.677985933260167,1.383871834111946,2.0256402124676476,1.204160972090951,1.1467643581619917,-1.1832042023588412,1.164299728950295,2.302219547228624,1.8571300717933266
1.1310120006183404,1.3838620438809839,0.179354213882636,0.7926193792688044,0.5911682764149704,-0.004380037567240446,1.204160972090951,1.1467643581619917,-1.1832042023588412,1.0251638394283582,1.0788999354171043,0.5521931698921486
-0.45190708753501757,0.6390515499088554,0.23320516891555845,0.7926193792688044,0.6836503581462836,0.9279745398103462,-0.5721899654616575,1.7679283854997374,-0.4103646117043573,0.12740607608443644,1.3847298383699842,0.8425187101277727
-0.16137130553218584,0.9290248662433735,0.3815700450266679,0.7926193792688044,-0.5318284303224122,0.20060572057960455,0.31598550331464675,-0.09556369651349925,0.3624749789501266,0.40609195003759957,0.46724012951134436,-0.23932593453971326
-1.6741610669952065,-1.512363377734339,-1.879071067273728,-1.092747174722558,-1.4170140697507017,-2.1600367200147113,-1.4603654342379617,-1.3378917511889903,1.9081541602590943,-1.9356147620057031,-1.3677392882059354,-2.106577567002522
1.3714554064137876,0.21578404783992353,2.309214435388795,1.7353026562644855,1.0007317812250738,1.622281139985145,1.204160972090951,1.1467643581619917,-0.4103646117043573,1.5133817374830105,1.6905597413228641,1.3100956328230426
-0.6522765923645568,0.011165780265163102,-1.2823145655823742,-1.092747174722558,-0.9678153870557489,-0.004380037567240446,-1.4603654342379617,-0.7167277238512447,0.3624749789501266,-0.7488187519763303,-1.0619093852530554,-0.5357635914118778
-0.06118655311741665,0.48938790276845906,-0.8119429583560399,0.7926193792688044,-0.07602388464665133,-0.8772226206441306,0.31598550331464675,-0.09556369651349925,-0.4103646117043573,-0.15790531641739314,0.46724012951134436,-0.3432319173608845
0.4497556841979078,-0.5056415012665177,0.5782908807591776,-0.1500638977268767,-0.11565906253149973,-0.6391746434413423,-0.5721899654616575,0.5256003308242463,-1.1832042023588412,0.22471837976793335,0.1614102265584644,-0.0681866687166082
0.6000328128200625,-0.03326561497964315,-0.08880156219966644,-0.1500638977268767,-1.3047143990769632,-0.7846484072874904,0.31598550331464675,0.5256003308242463,0.3624749789501266,0.20277134957548384,0.1614102265584644,-1.0522374471994629
1.4415847331041265,-2.4863463313901994,-2.2186617837058242,-1.092747174722558,-0.04960043272341843,-1.756677647532209,-1.4603654342379617,-1.3378917511889903,2.680993750913578,-1.1206759805200777,-1.3677392882059354,-1.470917436802417
-0.24151910746400154,0.024027499941290834,-0.1998004695124219,-1.092747174722558,-1.2386557692688818,-0.5994999805742108,0.31598550331464675,-1.3378917511889903,0.3624749789501266,-0.1666013095125133,-1.3677392882059354,-0.9361072311052131
-0.3116484341543405,0.3011390965996795,0.41783701474271684,-0.1500638977268767,0.3599630720866858,0.041907069111079664,0.31598550331464675,0.5256003308242463,0.3624749789501266,0.13527387936097265,0.1614102265584644,0.09989653878822817
-0.30162995891286376,0.5700659625550804,-0.5218072006276467,-0.1500638977268767,0.12875786775840128,1.6156686961739568,-0.5721899654616575,0.5256003308242463,-1.1832042023588412,-0.11939448985328546,0.1614102265584644,1.0870033755893524
-0.5120179389838798,-0.23203764633798052,-0.303106383249048,-0.1500638977268767,-0.04960043272341843,-0.539987986273514,0.31598550331464675,-0.7167277238512447,-1.1832042023588412,-0.40801864162944385,-0.45024957934729554,0.008214789240135207
-0.27157453318843267,-0.7184444995442695,0.0639593102406618,-0.1500638977268767,0.12215200477759258,-0.004380037567240446,-0.5721899654616575,1.1467643581619917,0.3624749789501266,-0.3425916459613899,0.46724012951134436,-0.03151396889737085
-0.45190708753501757,-0.5313649406187732,-0.47674823825316187,-0.1500638977268767,-1.0206622909022138,-0.18291602046933175,-0.5721899654616575,-1.3378917511889903,1.1353145696046105,-0.5546082395186276,-0.7560794823001755,-0.8260891316475028
-1.243366631611697,-0.21449893768871633,-1.225166613302539,-1.092747174722558,-1.1065385096527192,-0.460638660539251,-1.4603654342379617,-1.3378917511889903,1.9081541602590943,-1.0515221306684002,-1.3677392882059354,-1.177535838248522
-1.10310797823102,-0.585150313809854,-0.16243450071406942,-1.092747174722558,-0.3138349519557436,-0.004380037567240446,1.204160972090951,-0.7167277238512447,1.1353145696046105,-0.7243871523281342,-1.0619093852530554,-0.4165773169993579
0.09910905074621476,1.7217744971901598,-0.15254350897332836,-0.1500638977268767,-0.04960043272341843,0.12125639484534258,-0.5721899654616575,-0.7167277238512447,0.3624749789501266,0.5932628490373465,-0.45024957934729554,-0.05290637712525865
0.35958940702461534,-1.155742968532614,-0.08660356403505784,0.7926193792688044,-0.04960043272341843,-0.2754902338259715,-0.5721899654616575,-0.7167277238512447,-1.1832042023588412,-0.2933143517557048,0.1614102265584644,0.13045712197092466
-0.036140365013723905,-1.7543975570941985,-1.3240765307099456,-1.092747174722558,-1.3641671659042367,-1.4128305693504035,-1.4603654342379617,-1.3378917511889903,1.1353145696046105,-1.1351693023452776,-1.3677392882059354,-1.5534310113957
0.3395524565416619,-0.7336447137069654,0.7222597605410682,-0.1500638977268767,0.28729857929779584,0.4783283606495243,-0.5721899654616575,-1.3378917511889903,1.1353145696046105,0.15266586555121475,-0.7560794823001755,0.08461624719687862
-1.5639578393389597,-1.0949421118818286,0.7420417440225503,-1.092747174722558,-0.683763278880999,-1.2475194740706896,-0.5721899654616575,-0.09556369651349925,1.1353145696046105,-0.7546160807064111,-0.7560794823001755,-1.1622555466571733
1.8022498417972963,0.990994970137444,1.4959551144834504,1.7353026562644855,1.6481063533442712,2.276913077292813,1.204160972090951,1.7679283854997374,-1.1832042023588412,1.6595572404628998,1.9963896442757443,2.0955026206183653
-0.036140365013723905,0.3724631784400246,0.8079816889608209,-0.1500638977268767,0.48547446872203975,1.3114962808592834,1.204160972090951,1.1467643581619917,-0.4103646117043573,0.42141346168138266,0.46724012951134436,0.9280883430393256
-1.513865463131575,-2.519523721918393,-1.7427951810679676,-1.092747174722558,-0.04960043272341843,-2.02778784379094,-1.4603654342379617,-1.3378917511889903,1.1353145696046105,-2.1747028102578714,-1.3677392882059354,-1.229488829659108
0.5299034861297235,1.25641409436299,-0.6525880914218843,-0.1500638977268767,-0.04960043272341843,-0.38790177861617675,-0.5721899654616575,1.7679283854997374,-1.1832042023588412,0.4181007024070539,0.7730700324642243,0.07850413056033949
0.05903514978030691,0.5525272539058145,-0.7097360437017188,-0.1500638977268767,-0.04960043272341843,0.6634767873628038,0.31598550331464675,1.1467643581619917,-1.1832042023588412,-0.047341975636566884,0.46724012951134436,0.5644174031652277
-1.1632188296798813,0.011165780265163102,-0.6536870905041894,-0.1500638977268767,-0.8621215793628187,-1.366543462672084,1.204160972090951,-0.09556369651349925,1.9081541602590943,-0.7231448676002574,-0.14441967639441558,-1.483141670075496
-2.0648816014128073,-2.4863463313901994,-2.558389875023209,-1.092747174722558,-2.2823821202365666,-1.531854557951798,-1.4603654342379617,-1.3378917511889903,2.680993750913578,-2.6980152518749754,-1.3677392882059354,-2.399959165556417
-1.0129417010577275,-0.8131535262503017,-0.38663031350419047,-1.092747174722558,-0.6903691418618072,-2.1203620571475796,-0.5721899654616575,-0.7167277238512447,-0.4103646117043573,-0.852342479299199,-1.0619093852530554,-1.20198430479468
0.50986653564677,0.011165780265163102,-0.5503811767675648,0.7926193792688044,0.2278458124705232,1.3577833875376026,1.204160972090951,1.1467643581619917,-1.1832042023588412,0.007318552389907824,1.0788999354171043,1.0136579759508786
-0.291611483671387,0.8366543340239112,0.5738948844299587,0.7926193792688044,0.4260217018947671,-0.004380037567240446,1.204160972090951,0.5256003308242463,-1.1832042023588412,0.39201272312168983,0.7730700324642243,0.4757917119354052
0.07907210026326039,0.011165780265163102,-0.5141142070515159,-0.1500638977268767,-0.04960043272341843,-0.3085524528819143,1.204160972090951,-0.09556369651349925,1.1353145696046105,-0.15707712659881093,-0.14441967639441558,-0.43491366690897654
0.2193307536439383,-0.24022237704097182,0.007910357043130756,0.7926193792688044,0.7827383028584056,-0.004380037567240446,0.31598550331464675,-0.09556369651349925,-0.4103646117043573,0.008560837117781125,0.46724012951134436,0.45745536202578696
-0.036140365013723905,2.551501572205813,2.069632635446409,2.677985933260167,2.2822691995018514,2.1380517572578532,1.204160972090951,1.1467643581619917,-1.1832042023588412,1.6685120428763285,2.302219547228624,2.324706994488596
0.06905362502178365,0.011165780265163102,0.47498496702255144,0.7926193792688044,0.30711616824022003,0.3989790349152614,1.204160972090951,-0.09556369651349925,0.3624749789501266,0.21146734267060577,0.46724012951134436,0.24047522142863498
-0.04114960263446317,1.2739528030122558,0.8343576669361303,-1.092747174722558,0.8686145216089111,-0.1961409080917086,1.204160972090951,0.5256003308242463,-0.4103646117043573,0.7485484400216522,-0.45024957934729554,0.4085584289334705
1.4415847331041265,-0.3933937659112213,-0.3206903685659199,0.7926193792688044,0.5779565504533539,0.28656749012505656,1.204160972090951,0.5256003308242463,0.3624749789501266,0.33569581545804894,0.7730700324642243,0.31382062106710973
0.7603284166836939,0.8191156253746453,0.9992075292818082,-1.092747174722558,0.2740868533361794,0.6304145683068609,1.204160972090951,-0.09556369651349925,-1.1832042023588412,0.9808556841341715,-0.7560794823001755,0.6988839691690955
2.082767148558652,-0.5009645122933812,0.6596168128497114,1.7353026562644855,-0.04960043272341843,1.747917572397728,1.204160972090951,1.7679283854997374,-0.4103646117043573,0.9319924848377757,1.9963896442757443,0.8822474682652797
0.5499404366126779,0.38064790914301583,-0.6976470537963693,0.7926193792688044,1.6084711754594219,0.5246154673278444,0.31598550331464675,-0.09556369651349925,-1.1832042023588412,0.09924762225261513,0.46724012951134436,1.267310816367267
-0.036140365013723905,-0.5980120334859818,0.6178548477221402,-1.092747174722558,-0.04960043272341843,-1.1020457102245416,0.31598550331464675,-1.3378917511889903,-0.4103646117043573,0.0060762676620327565,-1.3677392882059354,-0.43491366690897654
-0.036140365013723905,-0.7301369719771122,-0.2184834539115989,-0.1500638977268767,-1.727489629848684,0.22044305201317096,-0.5721899654616575,1.1467643581619917,0.3624749789501266,-0.3558426830587175,0.46724012951134436,-0.7833043151917263
-0.3917962360861562,-0.24139162428425676,-0.26793841261530255,-0.1500638977268767,0.37978066102911,-0.004380037567240446,-1.4603654342379617,-0.09556369651349925,1.1353145696046105,-0.3483889746914724,-0.14441967639441558,-0.095691193581036
-1.133163403955451,1.137150875547987,-1.2317606077963663,-0.1500638977268767,-0.04960043272341843,-0.5598253177070794,0.31598550331464675,-1.3378917511889903,1.1353145696046105,-0.5297625449611386,-0.7560794823001755,-0.551043883003226
0.5900143375785857,1.25641409436299,-0.02505961542600451,0.7926193792688044,1.1064255889180044,0.9147496521879698,0.31598550331464675,1.1467643581619917,-0.4103646117043573,0.6793945901699732,1.0788999354171043,1.0319943258604978
-0.8225906714696649,-1.3252838188088445,-0.5624701666729145,-1.092747174722558,-0.6375222380153424,-0.3746768909937999,-1.4603654342379617,1.7679283854997374,1.1353145696046105,-1.0212932022901218,0.1614102265584644,-0.7374634404176806
0.16923837743655373,-0.21800667941856952,0.009009356125435838,0.7926193792688044,-0.04960043272341843,0.4518785854047706,-1.4603654342379617,0.5256003308242463,-0.4103646117043573,-0.003862010160962484,0.7730700324642243,0.28326003788441234
-0.3917962360861562,-0.20631420698572506,-0.31959136948361483,-0.1500638977268767,0.3401454831442607,0.11464395103415345,-0.5721899654616575,0.5256003308242463,-0.4103646117043573,-0.3554285881494264,0.1614102265584644,0.30770850443056885
0.9506794462717555,0.256707701354875,0.04747432400609495,0.7926193792688044,1.7141649831523524,1.2784340618033405,1.204160972090951,0.5256003308242463,-0.4103646117043573,0.5017478740839303,0.7730700324642243,1.4812348986461485
-0.8326091467111417,0.6063126270968936,-0.8668929124712659,-1.092747174722558,-0.1552942404163486,-0.3614520033714226,1.204160972090951,0.5256003308242463,1.1353145696046105,-0.45605365110725565,-0.45024957934729554,-0.50825906654745
-0.036140365013723905,-0.6775208460293164,-0.19760247134781328,-1.092747174722558,-1.3047143990769632,-0.3746768909937999,-1.4603654342379617,-1.3378917511889903,0.3624749789501266,-0.32934060886406413,-1.3677392882059354,-0.8627618314667397
-0.5621103151912643,0.011165780265163102,-0.7712799923107722,-0.1500638977268767,-0.7498219086890803,-0.004380037567240446,-0.5721899654616575,-0.09556369651349925,-0.4103646117043573,-0.5189960773195594,-0.14441967639441558,-0.2515501678127924
1.7321205151069574,0.6554210113148363,0.007910357043130756,1.7353026562644855,1.4169011490159866,0.8221754388313296,1.204160972090951,1.1467643581619917,-1.1832042023588412,0.9510408506651823,1.6905597413228641,1.3162077494595827
-0.05116807787593991,0.4040328540087031,0.9024956100390095,-0.1500638977268767,0.41280997593315066,0.6171896806844845,1.204160972090951,0.5256003308242463,-0.4103646117043573,0.4619947627919476,0.1614102265584644,0.5735855781200373
2.192970376214898,2.551501572205813,0.007910357043130756,1.7353026562644855,2.064275721135183,1.747917572397728,1.204160972090951,1.1467643581619917,-1.1832042023588412,1.813031166219055,1.6905597413228641,2.0435496292077793
-1.8544936213417915,-2.1145257080257776,-0.895466888611184,-0.1500638977268767,-2.3418348870638397,-2.3517975905391793,-1.4603654342379617,-1.3378917511889903,1.1353145696046105,-1.852795780147409,-0.7560794823001755,-2.4396879236939233
0.2594046546098462,-0.44016365564259413,-0.6317071088580987,-0.1500638977268767,0.7497089879543649,-0.5466004300847026,-1.4603654342379617,-0.09556369651349925,0.3624749789501266,-0.2866888332070419,-0.14441967639441558,0.008214789240135207
-0.11127892932480124,-1.4129773620551702,-0.41850128689102223,-0.1500638977268767,-0.7233984567658479,-0.4011266662385541,0.31598550331464675,-0.7167277238512447,-0.4103646117043573,-0.7040965017728509,-0.45024957934729554,-0.42268943363589745
-0.40181471132763297,-0.564103863430735,-0.692152058384847,-1.092747174722558,-1.4368316586931258,-0.07711691949031424,-0.5721899654616575,-0.09556369651349925,1.1353145696046105,-0.6266607537353445,-0.7560794823001755,-0.96972387260618
0.7803653671666474,-0.26360732190665903,0.8332586678538253,-0.1500638977268767,-0.10905319955069197,-0.017604925189617756,0.31598550331464675,0.5256003308242463,-0.4103646117043573,0.5431573650130792,0.1614102265584644,0.03877537242283257
1.6219172874507113,1.294999253391373,1.5794790447385945,1.7353026562644855,1.4697480528624516,1.3577833875376026,0.31598550331464675,0.5256003308242463,-1.1832042023588412,1.7241560463123715,1.3847298383699842,1.5881969397855893
-1.2834405325776048,-1.5053478942746334,0.007910357043130756,-1.092747174722558,-0.9942388389789814,-1.6310412151196263,-0.5721899654616575,-0.09556369651349925,1.9081541602590943,-1.0606322186728132,-0.7560794823001755,-1.6665051691716801
1.6319357626921882,0.11873652664732308,0.9761285485534125,1.7353026562644855,2.2822691995018514,2.237238414425682,1.204160972090951,1.1467643581619917,-0.4103646117043573,1.0843794114570384,1.6905597413228641,2.1871843701664577
-1.303477483060559,-0.44016365564259413,-0.7163300381955462,-1.092747174722558,-0.06941802166584263,-0.6523995310637192,0.31598550331464675,-1.3378917511889903,2.680993750913578,-0.9645621997171879,-1.3677392882059354,-0.96972387260618
-1.1632188296798813,0.19356835021752125,0.11341426894436547,-1.092747174722558,-0.2411704591668546,-0.7780359634763022,0.31598550331464675,-0.09556369651349925,1.1353145696046105,-0.3695078150653362,-0.7560794823001755,-0.7405194987359501
-0.036140365013723905,-0.8388769656025572,0.007910357043130756,-1.092747174722558,-1.0669033317678709,-1.9616634056790543,-1.4603654342379617,-1.3378917511889903,1.1353145696046105,-0.30904995830878257,-1.3677392882059354,-1.6695612274899503
-0.036140365013723905,-1.7567360515807675,-1.1394446848827864,-1.092747174722558,-1.0338740168638303,-1.3599310188608953,-1.4603654342379617,-1.3378917511889903,-0.4103646117043573,-1.066429547402894,-1.3677392882059354,-1.0094526307436869
